County Name,Population,03-04-2020,03-05-2020,03-06-2020,03-09-2020,03-10-2020,03-11-2020,03-12-2020,03-13-2020,03-15-2020,03-16-2020,03-17-2020,03-18-2020,03-19-2020,03-20-2020,03-21-2020,03-22-2020,03-23-2020,03-24-2020,03-25-2020,03-26-2020,03-27-2020,03-28-2020,03-29-2020,03-30-2020,03-31-2020,04-01-2020,04-02-2020,04-03-2020,04-04-2020,04-05-2020,04-06-2020,04-07-2020,04-08-2020,04-09-2020,04-10-2020,04-11-2020,04-12-2020,04-13-2020,04-14-2020,04-15-2020,04-16-2020,04-17-2020,04-18-2020,04-19-2020,04-20-2020,04-21-2020,04-22-2020,04-23-2020,04-24-2020,04-25-2020,04-26-2020,04-27-2020,04-28-2020,04-29-2020,04-30-2020,05-01-2020,05-02-2020,05-03-2020,05-04-2020,05-05-2020,05-06-2020,05-07-2020,05-08-2020,43960,43961,43962,43963,05-13-2020,05-14-2020,05-15-2020,05-16-2020,05-17-2020,05-18-2020,05-19-2020,05-20-2020,05-21-2020,05-22-2020,05-23-2020,05-24-2020,05-25-2020,05-26-2020,05-27-2020,05-28-2020,05-29-2020,05-30-2020,05-31-2020,06-01-2020,06-02-2020,06-03-2020,06-04-2020,06-05-2020,06-06-2020,06-07-2020,06-08-2020,06-09-2020
Anderson,"62,245",0,0,0,0,0,0,0,0,0,0,0,0,0,0,0,0,0,0,0,0,0,0,0,0,0,1,1,1,1,1,1,1,1,2,2,3,3,3,3,4,6,6,6,8,8,10,14,14,16,16,18,19,23,23,29,30,32,32,32,34,38,40,41,41,41,41,50,50,51,52,54,54,54,60,61,63,64,66,66,66,66,66,66,72,72,72,72,76,78,85,87,85,85,85,91
Andrews,"17,487",0,0,0,0,0,0,0,0,0,0,0,0,0,0,0,0,0,0,0,0,0,0,0,0,0,0,0,0,1,6,6,10,10,10,11,11,11,12,13,13,19,19,19,19,19,19,19,19,19,19,19,19,19,19,19,20,20,21,21,21,21,21,21,21,21,21,22,22,22,22,22,22,22,22,22,22,23,23,24,27,27,27,27,27,27,27,27,27,27,27,27,27,27,27,27
Angelina,"94,245",0,0,0,0,0,0,0,0,0,0,0,0,0,0,0,0,0,0,0,1,1,1,3,3,4,5,5,8,10,10,14,14,14,15,16,16,16,16,17,17,20,23,23,23,23,27,30,31,33,36,36,36,46,49,53,54,55,55,55,79,86,93,100,100,100,100,117,117,119,131,139,139,139,154,154,168,172,175,175,175,175,193,201,203,205,205,205,215,232,232,232,237,237,237,237
Aransas,"26,041",0,0,0,0,0,0,0,0,0,0,0,0,0,0,0,0,0,0,0,0,0,0,0,0,0,0,0,0,0,1,1,1,2,2,2,2,2,2,2,2,2,2,2,2,2,2,2,2,2,2,2,2,2,2,2,2,2,2,2,2,2,2,2,2,2,2,2,2,3,3,3,3,3,3,4,5,5,5,5,5,5,5,5,5,5,5,5,5,5,5,5,5,5,5,5
Archer,"9,847",0,0,0,0,0,0,0,0,0,0,0,0,0,0,0,0,0,0,0,0,0,0,0,0,0,0,0,0,0,0,0,0,0,0,0,0,0,0,0,0,0,0,0,0,0,0,0,0,0,0,0,0,0,0,0,0,0,0,0,0,0,0,0,0,0,0,0,0,0,1,1,1,1,1,1,1,1,1,1,1,1,1,1,1,1,1,1,1,1,1,2,2,2,2,3
Armstrong,"1,970",0,0,0,0,0,0,0,0,0,0,0,0,0,0,0,0,0,0,0,0,0,0,0,0,0,0,0,0,0,0,0,0,0,0,0,0,0,0,1,1,1,1,1,1,1,1,1,1,1,2,2,2,2,2,2,2,2,2,2,2,2,2,2,2,2,2,2,2,2,2,2,2,2,2,2,2,2,2,2,2,2,2,2,3,3,3,3,3,3,3,3,3,3,3,3
Atascosa,"55,946",0,0,0,0,0,0,0,0,0,0,0,0,0,0,0,0,0,0,2,2,2,2,2,2,2,2,2,2,2,2,3,4,5,5,7,8,9,9,9,9,9,9,10,10,12,14,14,14,14,14,14,14,16,16,19,19,19,19,19,19,21,22,22,22,22,24,27,27,27,30,30,30,30,32,32,35,35,35,35,35,35,35,35,35,35,37,37,37,37,38,41,41,42,42,42
Austin,"36,542",0,0,0,0,0,0,0,0,0,0,0,0,0,0,0,0,0,0,1,1,1,1,2,2,2,2,4,4,4,5,5,6,7,7,8,8,10,11,12,12,12,12,12,12,12,12,12,12,12,12,12,12,12,13,13,13,13,13,13,13,14,14,14,15,15,15,15,15,16,17,19,19,19,20,20,21,21,21,22,22,22,24,24,25,25,26,27,27,27,27,29,29,29,29,32
Bailey,"8,426",0,0,0,0,0,0,0,0,0,0,0,0,0,0,0,0,0,0,0,0,0,0,0,0,0,0,0,0,0,0,0,0,0,0,0,0,0,0,0,0,0,0,0,0,0,0,0,0,0,0,0,0,0,0,0,0,0,0,0,1,2,2,2,2,3,3,3,3,3,3,6,6,8,10,10,10,10,10,10,10,10,14,14,16,17,17,17,17,19,19,24,26,26,26,26
Bandera,"25,100",0,0,0,0,0,0,0,0,0,0,0,0,0,0,0,0,0,0,0,0,0,0,0,0,0,0,0,0,0,0,0,0,0,1,1,2,2,2,2,2,3,4,4,4,4,4,4,4,4,4,6,6,6,6,6,6,6,6,6,6,6,6,6,6,6,6,6,6,6,6,6,6,6,6,6,6,6,6,6,6,6,6,6,6,6,6,6,6,6,6,6,6,6,6,6
Bastrop,"100,746",0,0,0,0,0,0,0,0,0,0,0,0,0,0,0,0,0,0,1,2,2,4,5,6,6,7,7,7,7,9,11,15,17,16,19,20,19,19,19,32,37,42,42,43,44,49,51,53,57,57,58,59,59,67,73,82,83,86,89,98,100,107,106,108,109,110,117,120,125,128,132,132,132,148,152,161,173,173,177,182,184,190,196,200,204,211,212,220,231,240,245,250,255,255,270
Baylor,"3,715",0,0,0,0,0,0,0,0,0,0,0,0,0,0,0,0,0,0,0,0,0,0,0,0,0,0,0,0,0,0,0,0,0,0,0,0,0,0,0,0,0,0,0,0,0,0,0,0,0,0,0,0,0,0,0,0,0,0,0,0,0,0,0,0,0,0,0,0,0,0,0,0,0,0,0,0,0,0,0,0,0,0,0,0,0,0,0,0,0,0,3,1,1,1,1
Bee,"33,428",0,0,0,0,0,0,0,0,0,0,0,0,0,0,0,0,0,0,0,0,0,0,0,0,0,0,0,0,0,0,0,0,1,1,1,2,2,2,3,3,3,5,5,5,5,5,5,6,6,5,5,5,5,5,6,6,6,6,6,6,6,6,6,6,6,6,6,6,6,6,6,6,6,6,7,8,8,8,9,9,9,9,9,9,9,9,9,10,11,11,18,22,22,22,24
Bell,"394,509",0,0,0,0,0,0,0,0,1,1,1,1,1,2,3,3,3,16,18,19,20,28,28,28,36,44,46,51,51,58,58,68,71,74,84,91,101,101,107,110,115,124,126,126,126,135,145,153,161,165,165,165,173,180,189,189,193,194,194,210,210,213,218,220,220,220,223,231,237,242,248,248,248,260,267,282,294,298,298,298,298,329,335,345,356,362,378,391,411,423,432,446,446,446,473
Bexar,"2,062,088",0,0,0,0,0,0,0,0,3,3,3,4,6,12,24,24,24,57,69,84,113,125,140,157,168,207,229,254,342,384,410,456,503,554,615,665,723,772,794,815,890,918,959,992,1015,1029,1080,1126,1167,1195,1231,1254,1275,1307,1326,1374,1477,1585,1613,1652,1677,1761,1805,1835,1901,1901,1920,1942,1976,2041,2120,2120,2120,2192,2278,2322,2371,2392,2418,2442,2449,2480,2525,2583,2636,2825,2830,2839,2882,2953,3018,3143,3290,3311,3333
Blanco,"13,018",0,0,0,0,0,0,0,0,0,0,0,0,0,0,0,0,0,1,1,1,1,1,1,1,1,1,1,1,2,2,1,4,4,4,4,4,4,4,4,4,4,5,4,4,4,4,5,6,6,6,6,6,6,6,6,6,6,6,6,6,6,6,6,6,6,6,6,6,6,6,6,6,6,6,7,7,8,8,8,8,8,8,8,9,10,11,11,11,11,11,11,11,11,11,12
Borden,698,0,0,0,0,0,0,0,0,0,0,0,0,0,0,0,0,0,0,0,0,0,0,0,0,0,0,0,0,0,0,0,0,0,0,0,0,0,0,0,0,0,0,0,0,0,0,0,0,0,0,0,0,0,0,0,0,0,0,0,0,0,0,0,0,0,0,0,0,0,0,0,0,0,0,0,0,0,0,0,0,0,0,0,0,0,0,0,0,0,0,0,0,0,0,0
Bosque,"20,522",0,0,0,0,0,0,0,0,0,0,0,0,0,0,0,0,0,0,0,0,0,0,0,0,0,0,0,0,0,0,0,0,0,0,0,0,0,0,0,1,1,1,1,1,1,3,3,3,3,3,4,4,4,4,4,4,4,4,4,5,5,5,5,5,5,5,6,6,6,6,6,6,6,6,6,6,6,6,6,6,6,6,6,6,7,7,7,7,7,7,7,7,7,7,7
Bowie,"95,118",0,0,0,0,0,0,0,0,0,0,0,1,1,1,1,1,1,1,1,1,2,3,3,4,9,9,9,10,17,17,14,17,20,23,29,30,32,32,32,37,45,53,56,57,57,64,66,66,67,67,68,68,69,69,70,74,76,76,76,79,76,76,76,76,76,76,80,82,120,122,130,133,133,137,174,176,154,154,153,153,147,156,189,191,197,265,267,270,287,296,301,312,336,336,351
Brazoria,"410,571",0,0,0,0,0,0,0,0,2,2,2,2,2,3,9,12,12,18,19,33,39,52,61,61,79,95,109,123,136,144,144,167,173,184,199,216,225,237,250,259,272,285,302,304,315,333,345,382,392,417,445,449,464,476,485,509,537,542,551,566,570,588,613,644,656,661,673,686,710,712,721,727,767,786,795,805,816,825,835,838,843,853,861,882,894,907,917,929,941,957,967,990,990,990,758
Brazos,"239,527",0,0,0,0,0,0,0,0,0,0,0,1,1,2,2,2,2,12,16,21,30,36,40,44,46,53,63,68,72,75,94,94,97,108,114,116,134,140,143,149,151,158,164,169,170,170,173,177,177,181,181,182,182,188,193,197,202,208,208,209,219,232,243,256,265,271,278,287,301,305,312,318,325,333,341,362,373,383,436,438,441,444,455,463,470,477,483,487,501,517,532,565,605,626,634
Brewster,"10,226",0,0,0,0,0,0,0,0,0,0,0,0,0,0,0,0,0,0,0,0,0,0,0,0,0,0,0,0,0,0,0,0,0,0,0,0,0,0,0,0,0,0,0,0,0,0,0,0,0,0,0,0,0,0,0,1,1,1,1,1,1,1,1,1,1,1,1,1,1,1,1,1,1,1,1,1,1,1,1,1,1,1,1,1,1,1,1,1,1,1,1,1,1,1,1
Briscoe,"1,672",0,0,0,0,0,0,0,0,0,0,0,0,0,0,0,0,0,0,0,0,0,0,0,0,0,0,0,0,0,0,0,0,0,0,0,0,0,0,0,0,0,0,0,0,0,0,0,0,0,0,0,0,0,0,0,0,1,1,1,1,1,1,1,1,1,1,1,1,1,1,1,1,1,1,1,1,1,1,1,1,1,1,1,1,1,1,1,1,1,1,1,1,1,1,1
Brooks,"7,619",0,0,0,0,0,0,0,0,0,0,0,0,0,0,0,0,0,0,0,0,0,0,0,0,0,0,0,0,0,0,0,0,0,0,0,0,0,0,0,0,0,0,0,0,0,0,1,1,1,1,1,1,1,1,1,1,1,1,1,1,1,1,1,1,1,1,1,1,1,1,1,1,1,1,1,1,1,1,1,1,1,1,1,1,1,1,1,1,1,1,1,1,1,1,1
Brown,"40,617",0,0,0,0,0,0,0,0,0,0,0,0,0,0,1,1,1,2,2,3,3,3,3,3,3,3,3,4,4,5,6,6,6,8,8,10,10,10,11,11,12,12,12,13,13,13,13,13,17,17,17,28,34,34,36,36,36,36,36,38,38,38,38,38,38,38,38,51,51,51,51,51,51,51,55,55,55,56,56,56,57,57,57,58,58,58,58,59,59,59,59,59,59,59,60
Burleson,"19,763",0,0,0,0,0,0,0,0,0,0,0,0,0,0,0,0,0,0,0,0,0,1,1,1,1,1,1,1,2,2,2,5,5,5,6,6,6,6,6,8,8,9,8,8,8,9,10,11,11,11,11,11,12,12,12,13,14,14,14,14,14,14,15,15,15,15,16,16,17,17,18,18,18,20,20,20,22,22,22,22,22,22,23,24,24,24,25,25,26,28,29,32,32,32,35
Burnet,"52,456",0,0,0,0,0,0,0,0,0,0,0,0,0,0,0,0,0,1,1,1,1,1,1,2,2,3,4,4,4,4,4,5,5,5,6,6,6,6,6,7,7,8,8,8,9,13,13,14,14,14,14,15,15,16,19,19,20,19,23,24,24,24,25,26,26,26,28,28,28,28,28,28,28,28,28,29,29,29,29,29,29,30,32,35,36,37,38,39,45,49,49,51,54,54,55
Caldwell,"49,202",0,0,0,0,0,0,0,0,0,0,0,0,0,0,0,0,0,0,0,0,0,1,1,1,1,1,1,2,3,3,4,5,5,5,6,6,6,6,6,6,7,7,7,7,8,9,8,10,10,10,11,11,11,11,14,14,20,20,21,23,24,25,25,26,27,30,31,33,33,35,36,36,36,39,39,41,49,50,50,50,51,52,57,63,64,65,66,67,73,73,74,76,77,77,79
Calhoun,"25,263",0,0,0,0,0,0,0,0,0,0,0,0,0,0,0,0,0,0,0,2,2,3,3,3,3,7,8,8,8,11,12,12,12,13,14,14,15,15,19,19,19,21,21,21,21,21,22,23,23,26,26,29,30,30,30,30,31,32,33,34,34,34,36,36,36,36,36,36,36,36,36,36,36,36,37,37,37,37,37,37,37,37,37,37,37,37,37,37,37,37,37,38,39,39,41
Callahan,"14,768",0,0,0,0,0,0,0,0,0,0,0,0,0,0,0,0,0,0,0,0,0,0,0,0,0,0,0,0,0,0,0,1,1,1,1,1,1,1,1,1,1,1,1,1,1,1,1,1,1,1,1,1,2,2,2,2,2,2,2,2,2,5,6,6,6,6,6,7,8,8,8,8,8,8,8,8,8,8,8,8,9,9,9,9,9,9,9,9,9,10,10,10,10,10,10
Cameron,"493,571",0,0,0,0,0,0,0,0,0,0,0,0,0,1,1,6,6,6,6,7,10,13,20,20,26,26,37,55,62,77,87,101,108,118,147,159,195,195,216,239,254,270,279,298,298,310,310,321,333,354,366,366,376,387,401,412,421,432,432,443,454,469,483,494,512,512,527,544,569,582,582,619,619,635,649,664,664,686,698,698,698,711,731,743,754,764,764,776,799,820,841,863,892,892,919
Camp,"14,442",0,0,0,0,0,0,0,0,0,0,0,0,0,0,0,0,0,0,0,0,0,0,0,0,0,1,1,1,1,1,1,2,2,3,3,3,3,3,5,5,6,6,6,6,6,6,6,6,6,6,6,6,6,6,6,6,6,7,7,7,7,7,7,7,7,7,7,11,13,16,21,21,24,26,29,32,39,41,42,44,51,58,74,81,82,83,84,84,84,85,87,91,92,92,95
Carson,"6,526",0,0,0,0,0,0,0,0,0,0,0,0,0,0,0,0,0,0,0,0,0,0,0,0,0,0,0,0,0,0,0,0,0,0,0,0,0,0,0,0,0,0,1,1,1,1,1,1,1,1,1,1,1,2,2,2,2,3,3,3,3,3,3,3,3,3,3,3,3,3,3,4,5,5,5,6,6,6,6,6,6,6,6,6,6,6,6,6,6,6,6,6,6,6,6
Cass,"32,050",0,0,0,0,0,0,0,0,0,0,0,0,0,0,0,0,0,1,1,1,1,2,2,2,2,3,4,4,4,4,3,4,4,4,4,4,5,5,5,5,5,5,10,11,11,10,10,10,12,12,13,13,13,13,13,14,15,15,15,16,17,17,17,17,20,20,17,17,17,18,19,19,20,21,21,21,21,21,21,21,23,25,29,29,29,29,29,30,30,30,30,31,31,31,32
Castro,"8,901",0,0,0,0,0,0,0,0,0,0,0,0,0,0,1,1,2,2,3,6,7,8,8,8,8,8,8,9,10,10,10,10,10,10,10,10,11,11,11,11,11,11,11,11,11,11,12,13,13,13,13,13,13,13,13,15,15,15,18,18,20,22,22,22,23,23,23,24,25,27,26,27,27,28,28,29,31,32,32,32,32,32,32,32,33,33,33,33,33,34,34,35,35,35,36
Chambers,"47,621",0,0,0,0,0,0,0,0,0,0,0,0,0,0,1,1,1,2,2,2,2,3,3,5,8,9,9,11,11,11,11,17,19,22,24,24,29,29,29,31,33,34,35,35,35,35,36,39,41,41,41,41,41,41,41,42,43,44,45,45,45,47,47,48,49,50,50,50,50,52,52,53,53,55,58,58,58,58,59,61,61,62,62,65,67,68,68,68,69,70,73,76,76,79,83
Cherokee,"57,663",0,0,0,0,0,0,0,0,0,0,0,0,0,0,0,0,0,0,0,0,1,1,1,1,2,4,5,5,5,5,5,6,6,6,6,6,6,6,7,7,8,8,8,8,8,8,8,8,12,12,12,12,14,14,14,16,17,17,17,19,20,20,18,18,18,18,23,27,27,31,34,34,34,36,38,44,41,42,42,42,42,44,44,44,44,44,44,46,47,49,50,52,52,52,54
Childress,"7,460",0,0,0,0,0,0,0,0,0,0,0,0,0,0,0,0,0,0,0,0,0,0,0,0,0,0,0,0,0,0,0,0,0,0,0,0,0,0,0,0,0,0,0,1,1,1,1,1,1,1,1,1,1,1,1,1,1,1,1,1,1,1,1,1,2,2,2,2,2,2,2,2,2,2,2,2,2,2,2,2,2,2,2,2,2,2,2,2,2,2,2,2,2,2,4
Clay,"11,655",0,0,0,0,0,0,0,0,0,0,0,0,0,0,0,0,0,0,0,0,0,0,0,0,0,1,1,1,1,1,1,1,1,1,1,2,2,2,2,3,3,3,3,3,3,3,3,3,3,3,3,3,3,3,3,3,3,3,3,3,3,3,3,3,3,3,3,3,3,3,3,3,3,3,3,3,3,3,3,3,3,3,3,3,3,3,3,4,4,5,5,5,5,5,5
Cochran,"3,458",0,0,0,0,0,0,0,0,0,0,0,0,0,0,0,0,0,0,0,0,0,0,0,0,0,0,0,0,0,0,0,0,0,0,0,0,0,0,0,0,0,0,0,0,0,0,0,1,1,1,1,1,1,1,1,1,1,1,1,1,1,1,1,1,1,1,1,1,1,1,1,1,1,1,1,1,1,1,1,1,1,1,1,1,1,1,1,1,1,1,1,1,1,1,1
Coke,"3,095",0,0,0,0,0,0,0,0,0,0,0,0,0,0,0,0,0,0,0,0,0,0,0,0,0,0,0,0,0,0,0,0,0,0,0,0,0,0,0,0,0,0,0,0,0,0,0,0,0,0,0,0,0,0,0,0,0,0,0,1,1,1,1,1,1,1,1,1,1,1,1,1,1,1,1,1,1,1,1,1,1,1,1,1,1,1,1,1,1,1,1,1,1,1,1
Coleman,"9,274",0,0,0,0,0,0,0,0,0,0,0,0,0,0,0,0,0,0,0,0,0,0,0,0,0,0,0,0,0,0,0,0,0,0,0,0,0,0,0,0,0,0,0,0,0,0,0,0,0,0,0,0,0,0,0,0,1,1,1,1,1,2,2,2,2,2,2,2,2,2,2,2,2,2,2,2,2,2,2,2,2,2,3,3,3,3,3,3,4,4,4,3,3,3,3
Collin,"1,150,398",0,0,0,1,3,3,3,3,6,6,6,6,7,12,14,21,24,38,45,53,88,118,128,134,160,184,184,227,256,256,287,306,343,378,406,425,441,453,472,477,494,505,521,522,527,544,570,584,609,639,654,663,676,692,710,724,766,784,789,804,828,839,857,887,901,918,939,963,978,993,1008,1016,1028,1047,1073,1090,1118,1132,1136,1151,1157,1189,1217,1236,1278,1297,1312,1312,1346,1388,1430,1447,1447,1447,1528
Collingsworth,"3,243",0,0,0,0,0,0,0,0,0,0,0,0,0,0,0,0,0,0,0,0,0,0,0,0,0,0,0,0,0,0,0,0,0,0,0,0,0,0,0,0,0,0,0,0,0,0,0,0,0,0,0,0,0,0,0,0,0,0,0,1,1,1,1,1,4,4,4,4,4,4,4,4,4,4,4,4,4,4,4,4,5,5,5,5,5,5,5,5,5,5,5,5,5,5,5
Colorado,"22,688",0,0,0,0,0,0,0,0,0,0,0,0,0,0,0,0,0,0,0,0,0,0,0,0,0,2,2,2,2,2,2,3,6,6,6,7,7,7,7,7,7,7,8,8,8,9,9,10,10,10,10,10,10,10,10,11,11,10,10,10,12,12,13,16,16,16,16,18,18,18,18,18,18,19,19,19,19,19,19,20,20,21,22,22,22,22,22,23,23,24,24,24,24,24,26
Comal,"150,366",0,0,0,0,0,0,0,0,0,0,0,0,0,0,0,3,3,4,5,7,9,9,9,9,11,11,12,18,18,21,21,22,27,29,34,37,37,37,38,39,43,43,43,43,43,43,45,47,48,48,48,48,49,52,54,55,58,58,58,58,59,61,65,65,65,65,65,68,68,68,70,70,70,71,72,78,81,82,82,82,82,83,87,90,94,94,99,100,108,111,113,117,117,117,121
Comanche,"14,855",0,0,0,0,0,0,0,0,0,0,0,0,0,0,0,0,0,0,0,0,0,0,0,0,0,1,1,1,1,1,1,3,3,3,3,3,3,3,3,3,3,3,3,3,3,3,3,3,3,3,3,3,3,3,3,3,3,3,3,3,3,3,3,3,3,3,3,3,3,3,3,3,3,5,5,5,10,10,10,10,9,9,9,11,12,12,12,12,12,12,12,12,12,12,12
Concho,"4,299",0,0,0,0,0,0,0,0,0,0,0,0,0,0,0,0,0,0,0,0,0,0,0,0,0,0,0,0,0,0,0,0,0,0,1,1,1,1,1,1,1,1,1,1,1,1,1,1,1,1,1,1,1,1,1,1,1,1,1,1,1,1,1,1,1,1,1,1,1,1,1,1,1,1,1,1,1,1,1,1,1,1,1,1,1,1,1,1,1,1,1,1,1,1,1
Cooke,"41,744",0,0,0,0,0,0,0,0,0,0,0,0,0,0,0,0,0,0,0,0,0,0,0,0,0,0,0,0,0,0,0,0,0,0,1,1,1,1,1,2,2,2,3,3,3,4,4,4,4,4,4,4,4,8,7,7,8,8,9,9,11,11,11,12,12,12,12,13,13,13,13,13,13,13,13,13,13,13,13,13,13,13,13,14,14,14,14,16,18,19,20,20,20,20,20
Coryell,"86,638",0,0,0,0,0,0,0,0,0,0,0,0,0,0,0,0,0,1,1,1,1,1,1,1,1,1,1,2,4,5,8,11,12,17,18,34,34,34,34,60,70,71,75,75,75,84,86,86,103,104,105,105,105,105,155,158,160,162,162,180,190,201,205,207,208,208,211,217,220,221,224,224,224,226,225,226,226,226,226,226,227,227,227,230,231,281,282,285,289,289,289,290,289,289,296
Cottle,"1,578",0,0,0,0,0,0,0,0,0,0,0,0,0,0,0,0,0,0,0,0,0,0,0,0,0,0,0,0,0,0,0,0,0,0,0,0,0,0,0,0,0,0,0,0,0,0,0,0,0,0,0,1,1,2,2,2,2,2,2,3,3,3,3,4,4,4,4,4,4,4,4,4,4,4,4,4,4,4,4,4,4,4,4,4,4,4,4,4,4,4,4,4,4,4,4
Crane,"5,349",0,0,0,0,0,0,0,0,0,0,0,0,0,1,1,1,1,1,1,1,1,1,1,1,1,2,2,2,2,2,2,2,2,2,2,2,2,2,2,2,2,2,2,2,2,2,2,2,2,2,2,2,2,2,2,2,2,2,2,2,2,2,2,2,2,2,2,2,2,2,2,2,2,2,2,3,7,7,7,22,22,22,22,22,23,23,23,25,25,25,26,27,27,27,28
Crockett,"4,082",0,0,0,0,0,0,0,0,0,0,0,0,0,0,0,0,0,0,0,0,0,0,0,0,0,0,0,0,0,0,0,0,0,0,0,0,0,0,0,0,0,0,0,0,0,0,0,0,0,0,0,0,0,0,0,0,0,0,0,0,0,0,0,0,0,0,0,0,0,0,0,0,0,0,0,0,0,0,0,0,0,0,0,0,0,0,0,0,0,0,1,1,1,1,4
Crosby,"7,247",0,0,0,0,0,0,0,0,0,0,0,0,0,0,0,0,0,0,0,0,0,0,0,0,0,0,0,0,0,0,1,1,1,1,1,1,1,1,1,1,1,1,1,1,1,1,1,1,2,2,2,2,2,2,2,2,2,2,2,2,2,2,2,2,2,2,2,2,2,2,2,3,3,3,3,3,3,3,3,3,3,3,3,3,4,4,4,4,3,3,3,3,3,3,3
Culberson,"2,722",0,0,0,0,0,0,0,0,0,0,0,0,0,0,0,0,0,0,0,0,0,0,0,0,0,0,0,0,0,0,0,0,0,0,0,0,0,0,0,0,0,0,0,0,0,0,0,0,0,0,0,0,0,0,0,0,0,0,0,0,0,0,0,0,0,0,0,0,0,0,0,0,0,0,0,0,0,0,0,0,0,0,0,0,0,0,0,0,0,0,0,0,0,0,0
Dallam,"8,054",0,0,0,0,0,0,0,0,0,0,0,0,0,0,0,0,0,0,0,0,0,0,0,0,0,0,0,0,0,0,1,1,1,1,1,1,1,1,2,2,2,3,3,3,2,2,3,3,4,8,8,8,8,10,10,10,12,12,13,10,10,10,11,13,13,14,16,17,19,21,20,22,22,18,18,18,18,22,22,22,22,22,24,25,25,25,25,26,27,27,27,27,27,27,29
Dallas,"2,639,966",0,0,0,0,0,2,3,3,8,8,9,15,20,22,30,30,33,131,169,303,367,367,439,488,549,631,731,831,921,1015,1112,1155,1261,1324,1432,1537,1644,1723,1788,1877,1986,2066,2190,2324,2428,2512,2602,2683,2763,2834,2909,3014,3105,3240,3352,3531,3718,3899,4133,4370,4623,4869,5120,5369,5619,5870,6123,6359,6602,6837,7036,7250,7455,7679,7904,7904,8273,8477,8649,8827,8998,9188,9385,9587,9787,10006,10234,10462,10719,10958,11243,11541,11830,12093,12347
Dawson,"14,756",0,0,0,0,0,0,0,0,0,0,0,0,0,0,0,0,0,0,0,0,0,0,1,1,3,3,3,3,3,3,3,5,5,5,5,6,6,8,8,8,8,12,12,12,13,14,14,18,18,18,21,21,21,21,24,24,26,26,26,29,30,30,30,30,30,30,30,32,32,36,38,38,38,38,39,39,39,39,39,39,40,40,40,41,42,42,42,42,43,45,45,45,45,45,45
Deaf Smith,"22,599",0,0,0,0,0,0,0,0,0,0,0,0,0,0,1,1,1,2,2,2,2,2,2,2,2,2,2,3,5,5,7,7,7,7,7,7,7,8,11,11,11,11,11,12,12,14,14,17,21,21,21,25,26,26,31,31,34,35,37,38,41,41,46,46,59,59,67,92,93,119,120,122,122,133,139,141,153,157,157,157,156,158,161,162,164,164,164,163,166,166,174,176,176,176,183
Delta,"5,805",0,0,0,0,0,0,0,0,0,0,0,0,0,0,0,0,0,0,0,0,0,0,0,0,0,0,0,0,0,0,0,0,1,1,1,1,1,1,1,1,1,1,1,1,1,1,1,1,1,1,1,1,1,1,1,1,1,1,1,1,1,1,1,1,1,1,1,1,1,1,1,1,1,1,1,1,1,1,1,1,1,1,1,1,1,1,1,1,2,2,2,2,2,2,2
Denton,"943,020",0,0,0,0,0,0,0,0,0,0,1,4,4,6,11,12,12,30,30,70,83,137,148,165,191,206,231,254,273,288,304,337,366,398,426,454,474,482,507,521,547,564,585,592,593,598,619,644,661,680,702,713,725,738,748,765,786,799,803,806,832,846,872,902,914,922,946,968,989,1016,1040,1051,1069,1088,1116,1161,1188,1205,1212,1224,1233,1255,1285,1318,1329,1357,1373,1398,1416,1435,1454,1467,1486,1500,1524
DeWitt,"20,937",0,0,0,0,0,0,0,0,0,0,0,0,1,1,1,1,1,1,1,2,3,3,3,3,3,4,4,6,6,7,7,7,7,8,8,9,9,9,10,10,10,10,13,13,13,14,14,14,14,15,15,15,15,15,15,15,15,15,15,15,15,15,15,15,15,15,17,17,17,17,17,17,17,17,17,17,17,17,17,17,17,17,17,17,17,17,17,17,17,17,18,18,18,18,23
Dickens,"2,482",0,0,0,0,0,0,0,0,0,0,0,0,0,0,0,0,0,0,0,0,0,0,0,0,0,0,0,0,0,0,0,0,1,1,1,2,2,1,1,1,1,1,1,1,1,1,1,1,1,1,1,1,1,1,1,1,1,1,1,1,1,1,1,1,1,1,1,1,1,1,1,1,1,1,1,1,1,1,1,1,1,1,1,1,1,1,1,1,1,1,1,1,1,1,1
Dimmit,"10,870",0,0,0,0,0,0,0,0,0,0,0,0,0,0,0,0,0,0,0,0,0,0,0,0,0,0,0,0,0,0,0,0,0,0,0,1,1,1,1,1,1,1,1,1,1,1,1,1,1,1,1,1,1,1,1,1,1,1,1,1,1,1,1,1,1,1,1,1,1,1,1,1,1,1,1,1,1,1,1,1,1,1,1,1,1,1,1,1,1,1,1,1,1,1,1
Donley,"3,873",0,0,0,0,0,0,0,0,0,0,0,0,0,0,0,0,0,0,0,0,0,0,0,0,0,0,1,5,5,7,7,7,13,14,21,23,22,22,22,22,23,23,23,23,23,24,24,24,24,24,24,24,24,24,24,24,25,25,25,25,25,25,25,25,26,26,25,25,25,26,25,25,26,27,26,26,26,26,26,26,26,26,26,26,26,26,26,26,26,27,27,27,27,27,27
Duval,"12,596",0,0,0,0,0,0,0,0,0,0,0,0,0,0,0,0,0,0,0,0,0,0,0,0,0,0,0,0,0,0,0,0,0,0,0,0,0,0,1,1,1,1,1,1,1,1,1,1,1,2,2,2,2,2,2,2,3,3,3,3,3,3,3,5,5,5,5,5,5,5,5,5,5,5,6,5,5,5,5,5,5,5,5,5,5,5,5,5,5,5,5,5,5,5,5
Eastland,"19,857",0,0,0,0,0,0,0,0,0,0,0,0,0,0,0,0,0,2,2,2,2,3,3,3,3,3,3,3,3,3,3,3,3,3,3,3,3,3,3,3,3,3,3,3,3,3,3,3,3,3,3,3,3,3,3,3,3,3,3,3,3,3,3,3,3,3,3,3,4,4,5,5,5,5,5,5,5,5,5,5,5,6,6,6,6,6,6,6,7,7,7,7,7,7,7
Ector,"159,521",0,0,0,0,0,0,0,0,0,0,0,0,0,0,0,0,0,0,0,0,0,0,1,3,7,11,12,15,22,22,26,30,30,34,39,40,41,43,45,46,48,55,58,58,58,60,61,62,67,67,67,70,76,78,81,78,78,81,78,84,85,90,94,95,95,99,100,100,102,103,109,114,114,115,124,130,134,136,144,146,151,152,152,152,154,154,154,161,167,175,185,187,187,187,206
Edwards,"2,174",0,0,0,0,0,0,0,0,0,0,0,0,0,0,0,0,0,0,0,0,0,0,0,0,0,0,0,0,0,0,0,0,0,0,0,0,0,0,0,0,0,0,0,0,0,0,0,0,0,0,0,0,0,0,0,0,0,0,0,0,0,0,0,0,0,0,0,0,0,0,0,0,0,0,0,0,0,0,0,0,0,0,0,0,0,0,0,0,0,0,0,0,0,0,0
Ellis,"200,285",0,0,0,0,0,0,0,0,0,0,0,0,0,2,2,3,3,5,6,6,10,13,13,15,16,20,26,27,29,29,29,35,41,50,58,66,66,66,72,76,81,82,83,83,90,100,110,111,121,127,127,133,133,143,148,148,166,166,169,176,184,188,193,202,202,211,216,221,236,241,247,247,247,258,264,266,272,272,272,272,289,290,305,309,317,317,317,325,332,338,361,364,364,364,399
El Paso,"952,366",0,0,0,0,0,0,0,0,1,1,3,3,3,3,6,6,6,7,11,21,21,31,35,40,46,50,68,78,96,106,115,125,153,192,225,252,269,292,300,346,393,451,482,505,531,540,587,645,674,706,780,802,829,857,887,924,961,986,998,1029,1080,1119,1190,1276,1322,1340,1348,1413,1456,1607,1655,1726,1772,1852,1930,2046,2160,2265,2340,2376,2393,2461,2569,2623,2704,2764,2794,2833,2872,3069,3213,3298,3376,3376,3512
Erath,"41,649",0,0,0,0,0,0,0,0,0,0,0,0,0,0,0,0,0,1,1,1,1,1,1,1,1,2,2,3,7,7,7,8,9,10,10,12,12,12,12,12,12,12,12,12,12,12,12,12,12,12,12,12,12,12,12,12,12,12,12,12,13,15,14,14,14,14,14,14,15,15,15,15,15,15,15,15,15,15,15,15,16,16,16,16,17,17,17,17,17,17,25,26,26,26,29
Falls,"19,236",0,0,0,0,0,0,0,0,0,0,0,0,0,0,0,0,1,1,1,1,1,1,1,1,1,1,1,1,1,1,1,1,1,1,1,1,1,1,1,1,1,1,1,1,1,1,1,1,1,1,2,3,3,4,4,4,4,4,4,6,6,6,6,6,6,6,6,6,6,6,6,6,6,6,6,6,6,6,6,6,6,6,6,6,7,7,7,9,9,10,11,11,11,11,13
Fannin,"37,727",0,0,0,0,0,0,0,0,0,0,0,0,0,1,1,1,1,1,1,1,1,1,1,1,1,1,1,2,2,2,2,2,4,4,5,5,5,5,5,5,5,5,7,7,8,9,12,13,13,15,15,16,17,18,18,18,19,19,20,20,22,23,23,23,23,23,23,24,24,24,25,25,25,27,28,29,34,34,34,34,37,37,37,38,41,41,41,40,41,41,42,43,43,43,49
Fayette,"28,422",0,0,0,0,0,0,0,0,0,0,0,0,0,0,0,0,0,1,1,1,1,1,1,2,2,4,4,10,10,11,9,9,9,8,9,9,10,10,10,12,13,15,15,15,15,14,15,15,15,14,14,14,14,14,14,15,15,15,15,17,17,19,21,24,25,25,26,26,28,26,29,29,29,31,31,31,32,32,32,32,32,32,34,34,34,34,34,34,36,38,38,38,38,38,38
Fisher,"3,913",0,0,0,0,0,0,0,0,0,0,0,0,0,0,0,0,0,0,0,0,0,0,0,0,0,0,0,0,0,0,0,0,0,0,0,0,0,0,0,0,0,0,0,0,0,0,0,0,0,0,0,0,0,0,0,0,0,0,0,0,0,0,0,0,0,0,0,0,0,1,1,1,1,2,2,2,2,2,2,2,2,2,2,2,2,2,2,2,2,2,2,2,2,2,2
Floyd,"6,688",0,0,0,0,0,0,0,0,0,0,0,0,0,0,0,0,0,0,0,0,0,0,0,0,0,0,0,0,0,0,0,0,1,1,1,1,1,1,1,2,2,2,2,2,2,2,2,3,3,3,3,3,3,3,3,3,3,3,3,4,4,4,4,4,4,4,4,4,4,4,4,4,4,5,5,5,5,5,5,5,5,7,8,11,11,11,11,11,15,15,16,16,16,16,16
Foard,"1,365",0,0,0,0,0,0,0,0,0,0,0,0,0,0,0,0,0,0,0,0,0,0,0,0,0,0,0,0,0,0,0,0,0,0,0,0,0,0,0,0,0,0,0,0,0,0,0,0,0,0,0,0,0,0,0,0,0,0,0,0,0,0,0,0,0,0,0,0,0,0,0,0,0,0,0,0,0,0,0,0,0,0,0,0,0,0,0,0,0,0,0,0,0,0,0
Fort Bend,"888,595",0,0,1,6,6,6,6,6,9,9,9,9,9,11,11,11,11,29,46,54,86,101,101,119,119,163,194,221,255,268,280,318,417,437,485,518,536,536,543,627,627,656,755,755,783,799,808,870,889,905,919,952,957,973,1018,1052,1079,1133,1183,1187,1245,1287,1332,1357,1370,1385,1404,1404,1452,1471,1510,1558,1559,1559,1581,1621,1652,1661,1676,1685,1732,1732,1766,1783,1832,1861,1881,1881,1916,1951,2032,2117,2117,2117,2138
Franklin,"11,838",0,0,0,0,0,0,0,0,0,0,0,0,0,0,0,0,0,0,0,0,0,0,1,1,1,1,1,1,1,1,1,1,1,1,1,1,1,1,1,1,1,1,1,1,1,1,1,1,1,1,1,1,1,1,1,1,2,2,2,2,3,3,3,3,3,3,3,3,4,4,5,5,6,7,8,8,9,11,12,12,12,13,13,13,15,15,16,16,17,18,18,19,19,19,22
Freestone,"21,997",0,0,0,0,0,0,0,0,0,0,0,0,0,0,0,0,0,0,0,0,0,0,0,0,0,0,0,0,0,0,0,0,0,0,0,0,0,0,0,1,1,1,3,3,3,3,3,3,3,3,3,3,3,3,3,5,6,7,7,7,7,7,7,7,7,7,7,7,8,7,7,7,7,7,7,7,7,10,10,10,10,10,10,10,10,10,10,10,10,10,10,11,11,11,12
Frio,"20,080",0,0,0,0,0,0,0,0,0,0,0,0,0,0,0,0,0,0,0,0,0,0,0,0,0,0,0,0,0,0,0,0,1,1,1,1,1,1,1,1,1,1,1,1,1,1,1,1,1,3,3,3,4,7,7,7,8,10,10,10,10,25,25,34,34,34,34,34,34,34,35,35,35,35,35,35,35,35,36,36,36,37,37,37,37,37,37,37,37,37,40,40,46,46,50
Gaines,"21,681",0,0,0,0,0,0,0,0,0,0,0,0,0,0,0,0,0,0,1,1,1,1,1,1,1,1,1,1,1,1,1,1,1,1,1,1,1,2,2,2,2,2,2,2,2,2,2,2,2,2,2,2,2,2,2,2,2,2,2,3,3,3,3,3,3,3,4,4,4,5,5,5,5,6,6,6,6,6,6,6,6,7,7,7,7,7,7,7,7,7,7,8,8,8,9
Galveston,"335,006",0,0,0,0,0,0,0,0,1,1,1,2,2,4,6,9,15,18,21,27,40,49,49,70,92,106,118,130,136,222,240,256,272,287,308,341,355,355,377,392,401,421,438,450,455,468,479,491,507,522,539,541,548,554,572,595,614,629,636,648,659,669,672,676,680,685,686,688,691,693,696,701,702,706,715,721,732,740,749,752,753,763,779,788,795,807,817,847,857,876,906,906,972,994,1026
Garza,"6,969",0,0,0,0,0,0,0,0,0,0,0,0,0,0,0,0,0,0,0,0,0,0,0,0,0,0,0,0,0,0,0,0,0,0,0,0,0,0,0,0,0,0,0,0,0,0,0,0,0,0,0,0,0,0,1,1,3,3,3,3,3,3,3,3,3,3,4,4,4,4,4,4,4,4,4,4,4,5,5,5,5,5,5,5,5,5,5,5,6,6,6,6,6,6,6
Gillespie,"29,929",0,0,0,0,0,0,0,0,0,0,0,0,0,0,0,0,0,0,0,0,0,0,0,0,0,0,1,1,1,1,1,1,1,1,1,1,1,1,1,1,1,1,1,1,1,1,1,1,1,1,1,1,1,1,1,2,3,3,4,4,4,4,4,4,4,4,4,4,4,4,4,4,4,5,5,5,5,5,5,5,5,5,5,5,5,5,5,5,5,5,5,5,5,5,5
Glasscock,"1,351",0,0,0,0,0,0,0,0,0,0,0,0,0,0,0,0,0,0,0,0,0,0,0,0,0,0,0,0,0,0,0,0,0,0,0,0,0,0,0,0,0,0,0,0,0,0,0,0,0,0,0,0,0,0,1,1,1,1,1,1,1,1,1,1,1,1,1,1,1,1,1,1,1,1,1,1,1,1,1,1,1,1,1,1,1,1,1,1,1,1,1,1,1,1,1
Goliad,"8,518",0,0,0,0,0,0,0,0,0,0,0,0,0,0,0,0,0,0,0,0,0,0,0,0,0,0,1,1,1,1,3,3,3,3,4,4,4,4,4,5,5,5,5,5,5,6,6,6,6,6,7,7,7,7,7,7,7,7,7,7,7,7,7,7,7,7,7,7,7,7,7,7,7,7,7,7,7,7,7,7,7,7,7,7,7,7,7,7,7,7,7,7,7,7,7
Gonzales,"22,345",0,0,0,0,0,0,0,0,0,0,0,0,0,0,0,0,0,0,0,0,0,0,0,0,0,1,1,1,1,1,1,1,1,2,2,2,2,2,2,2,2,2,2,2,2,2,3,4,4,8,12,12,14,18,20,21,23,27,30,31,31,31,31,40,53,59,59,62,70,73,75,79,85,86,88,90,91,91,91,91,91,100,111,118,121,129,129,132,143,144,147,149,151,151,153
Gray,"24,928",0,0,0,0,0,0,0,0,0,0,0,0,0,0,0,0,0,0,0,0,0,0,0,0,0,1,1,1,5,5,9,9,11,12,12,13,13,13,13,13,16,16,17,17,17,20,22,27,32,35,37,37,38,42,47,58,58,58,67,68,71,73,73,73,75,75,76,77,77,88,91,91,93,94,95,95,95,95,96,96,96,96,96,96,98,98,98,100,100,101,104,104,104,104,105
Grayson,"133,647",0,0,0,0,0,0,0,0,0,0,0,0,0,0,0,0,0,1,2,2,2,2,3,6,7,8,11,12,12,12,13,14,15,15,17,17,17,17,17,19,19,19,19,19,19,19,19,19,19,22,22,23,24,27,31,34,38,41,49,53,58,60,78,83,89,91,105,112,122,129,140,147,152,165,199,268,275,287,296,300,303,310,316,323,327,333,338,342,350,355,366,372,375,377,384
Gregg,"136,671",0,0,0,0,1,1,1,1,1,1,1,1,1,1,1,1,1,1,1,3,4,4,4,5,5,6,7,8,13,13,10,20,22,35,37,39,39,39,45,46,48,48,50,51,51,52,53,55,58,58,62,66,69,69,73,80,87,87,87,97,107,109,117,117,118,118,132,136,138,142,170,170,170,173,173,180,183,185,185,185,185,197,201,203,213,213,213,236,244,249,250,257,257,257,272
Grimes,"30,863",0,0,0,0,0,0,0,0,0,0,0,0,0,0,0,0,0,2,2,2,2,2,2,2,3,3,3,3,3,3,3,4,6,5,6,6,7,7,7,7,9,10,10,10,10,10,10,10,13,13,13,15,16,16,19,19,21,22,22,22,25,25,37,42,42,42,42,54,56,63,65,65,65,65,89,91,94,99,99,100,104,111,113,114,121,215,217,218,226,226,226,237,241,241,245
Guadalupe,"182,526",0,0,0,0,0,0,0,0,0,0,0,0,0,0,0,0,0,0,4,8,8,8,10,13,15,17,20,23,26,28,28,39,45,46,47,47,49,49,50,50,53,53,53,57,58,60,63,64,64,67,68,69,69,80,80,81,85,85,86,87,88,90,92,92,95,97,99,99,101,106,109,110,110,110,114,116,121,122,122,122,122,124,126,129,132,133,133,133,135,142,145,147,147,147,147
Hale,"38,415",0,0,0,0,0,0,0,0,0,0,0,0,0,0,0,0,0,0,0,0,1,1,1,1,1,1,1,6,6,7,7,7,7,9,9,11,11,11,11,11,11,11,11,12,12,15,16,16,19,19,19,19,24,24,25,25,26,29,29,29,31,37,37,37,37,37,39,40,41,42,43,44,44,49,49,50,53,54,55,55,55,56,56,57,57,58,58,58,60,60,60,60,60,61,61
Hall,"3,320",0,0,0,0,0,0,0,0,0,0,0,0,0,0,0,0,0,0,0,0,0,0,0,0,0,0,0,0,0,0,0,0,0,0,0,0,0,0,0,0,0,0,0,0,0,0,0,0,0,0,0,0,0,0,0,0,0,0,0,0,0,0,0,0,0,0,0,0,0,0,0,0,0,0,1,1,1,1,2,2,2,2,2,2,2,2,2,2,2,2,2,2,2,2,2
Hamilton,"8,802",0,0,0,0,0,0,0,0,0,0,0,0,0,0,0,0,0,0,0,0,0,0,0,0,0,0,0,0,0,0,0,1,1,1,1,2,2,2,2,3,3,5,5,5,5,5,5,5,5,5,5,5,5,5,5,5,5,5,5,5,5,5,6,6,6,7,7,6,7,7,7,7,7,7,7,7,7,7,7,7,7,7,7,7,8,8,8,8,8,9,9,9,9,9,10
Hansford,"6,513",0,0,0,0,0,0,0,0,0,0,0,0,0,0,0,0,0,0,0,0,0,0,0,0,0,0,0,0,0,0,1,1,1,1,1,1,1,1,1,1,1,1,1,1,1,1,1,2,2,4,4,4,5,5,6,6,6,7,7,11,11,11,12,12,12,12,13,13,15,15,16,16,16,16,17,18,18,18,18,18,18,18,18,18,19,19,19,19,20,20,20,20,20,20,20
Hardeman,"4,456",0,0,0,0,0,0,0,0,0,0,0,0,0,0,0,0,0,0,0,0,0,0,0,0,0,0,0,0,0,0,0,0,0,0,0,0,0,0,0,0,0,0,0,0,0,0,0,0,0,0,0,0,0,0,0,0,0,0,0,0,0,0,0,0,0,0,0,0,0,0,0,0,0,0,0,0,1,1,1,1,1,1,1,1,1,1,1,1,2,2,3,3,3,3,4
Hardin,"62,163",0,0,0,0,0,0,0,0,0,0,0,0,0,0,0,0,0,0,2,2,4,6,9,9,12,13,14,14,14,26,26,28,41,41,41,47,61,61,61,65,66,67,67,73,73,85,89,91,91,92,92,92,96,99,99,100,103,103,103,112,112,113,113,113,115,115,115,115,116,116,117,117,117,118,121,121,125,136,136,136,136,136,137,138,138,138,138,138,138,142,142,142,142,142,142
Harris,"4,885,616",0,0,4,5,5,5,7,7,10,10,10,10,10,24,26,27,27,54,134,185,203,229,445,526,563,680,847,955,1106,1284,1395,1809,2146,2341,3047,3261,3561,3629,3747,3907,4097,4306,4460,4653,4823,4977,5143,5211,5330,5482,5628,5729,5827,5986,6161,6356,6551,6708,6838,6967,7128,7244,7377,7594,7803,7878,8176,8416,8621,8817,9050,9126,9465,9635,9859,10095,10283,10526,10770,10921,10995,11281,11542,11770,12009,12220,12276,12664,13027,13268,13603,13940,14423,14586,14918
Harrison,"72,253",0,0,0,0,0,0,0,0,0,0,0,0,0,0,0,0,0,0,0,0,1,1,1,1,1,3,5,5,5,6,8,10,10,12,12,12,16,16,20,34,35,40,42,44,47,58,59,61,69,69,71,86,84,84,102,113,121,140,140,149,160,167,180,180,186,186,189,192,195,200,200,202,202,205,206,217,222,223,225,228,228,236,239,239,244,245,245,247,250,255,256,256,256,256,258
Hartley,"6,321",0,0,0,0,0,0,0,0,0,0,0,0,0,0,0,0,0,0,0,0,0,0,0,0,0,0,0,0,0,0,0,0,0,0,0,0,0,0,0,0,0,0,0,0,1,1,1,2,4,4,4,4,4,4,4,5,5,5,5,7,7,7,7,8,8,8,9,9,9,9,9,9,9,11,11,11,11,11,11,11,11,11,11,11,11,11,12,12,12,12,12,12,12,12,12
Haskell,"6,072",0,0,0,0,0,0,0,0,0,0,0,0,0,0,0,0,0,0,0,0,0,0,0,0,0,0,0,0,0,0,0,0,0,0,0,0,0,0,0,0,0,0,0,0,0,0,0,0,0,0,0,0,0,0,0,0,0,0,0,0,0,0,0,0,0,0,0,0,0,1,1,1,1,2,2,2,2,2,2,2,2,2,2,3,3,3,3,3,3,3,3,3,3,3,3
Hays,"246,119",0,0,0,0,0,0,0,0,1,1,1,1,3,4,5,6,6,7,7,9,13,13,13,16,24,38,42,45,47,50,54,59,61,77,79,82,82,82,82,93,109,109,109,109,109,109,140,140,140,148,148,148,155,161,165,165,167,167,168,176,176,176,195,203,203,203,203,214,217,219,219,219,219,219,238,250,259,266,270,270,270,279,297,314,329,329,329,353,371,385,385,385,385,385,441
Hemphill,"4,389",0,0,0,0,0,0,0,0,0,0,0,0,0,0,0,0,0,0,0,0,0,0,0,0,0,0,0,0,1,1,1,1,1,1,1,1,1,1,1,1,1,1,1,1,1,1,1,1,1,1,1,1,1,1,1,1,1,1,1,1,1,1,1,1,1,1,1,1,1,1,1,1,1,1,1,1,1,1,1,1,1,1,1,1,1,1,1,1,1,1,1,1,1,1,1
Henderson,"84,178",0,0,0,0,0,0,0,0,0,0,0,0,0,0,0,0,0,0,0,0,0,0,0,0,0,1,1,1,1,1,1,1,4,6,8,10,10,10,10,11,12,12,13,13,13,15,19,22,22,22,24,24,24,24,25,25,28,28,28,32,33,34,36,36,41,41,46,47,47,48,48,48,48,49,49,51,52,55,55,55,55,56,57,57,57,57,57,59,63,65,65,68,68,68,71
Hidalgo,"1,005,539",0,0,0,0,0,0,0,0,0,0,0,0,0,0,0,0,2,2,2,7,11,18,27,28,38,46,62,79,86,86,99,113,113,139,146,181,188,190,198,217,225,235,242,255,261,268,275,281,290,299,303,308,310,315,324,334,339,340,341,353,353,359,368,377,387,389,394,403,409,417,425,425,440,448,457,467,472,482,482,497,504,516,537,537,548,560,575,584,610,634,679,679,701,701,759
Hill,"39,349",0,0,0,0,0,0,0,0,0,0,0,0,0,0,0,0,0,0,0,0,0,0,0,1,1,2,3,3,5,5,5,5,6,6,8,8,8,8,8,8,9,10,10,10,10,11,12,14,15,15,15,15,15,16,16,16,16,17,17,18,18,18,19,19,19,19,21,21,22,22,22,22,22,23,23,23,24,24,24,24,24,24,24,24,24,24,24,24,24,25,26,27,29,29,30
Hockley,"24,916",0,0,0,0,0,0,0,0,0,0,0,0,0,1,2,2,3,3,3,5,5,7,7,7,7,7,7,7,7,10,10,10,10,12,12,13,14,14,14,15,15,15,15,16,16,16,17,18,19,20,20,20,20,20,20,21,20,20,20,20,20,19,20,20,20,20,20,23,22,23,23,23,23,24,27,27,27,27,27,27,27,27,27,27,27,27,27,27,27,27,27,27,27,27,27
Hood,"61,274",0,0,0,0,0,0,0,0,0,0,0,0,0,0,0,0,0,0,0,0,2,2,2,3,6,6,6,8,9,9,9,10,10,11,12,13,13,13,15,15,15,15,15,15,15,15,15,15,16,16,16,16,17,18,18,18,20,20,20,19,19,19,19,19,19,19,21,22,22,22,22,22,22,22,23,23,23,23,23,23,26,26,26,27,27,27,27,27,27,27,31,31,31,31,31
Hopkins,"38,504",0,0,0,0,0,0,0,0,0,0,0,0,0,0,0,0,0,1,1,1,1,1,1,2,2,3,3,3,3,4,4,4,4,4,4,4,4,4,4,4,4,4,4,4,4,4,4,4,4,4,4,4,4,4,4,4,6,6,6,6,6,7,7,7,8,8,8,8,8,8,8,8,8,8,11,12,15,15,15,17,18,21,24,24,26,26,26,26,27,27,28,29,30,30,39
Houston,"25,147",0,0,0,0,0,0,0,0,0,0,0,0,0,0,0,0,0,0,0,0,0,0,0,0,0,0,0,0,0,0,0,0,0,0,0,0,0,0,0,0,0,0,0,1,1,1,1,4,4,4,4,4,5,5,5,6,7,7,7,8,9,10,10,10,13,13,14,21,71,74,76,76,79,81,81,81,39,40,40,40,40,40,49,52,53,114,114,114,127,145,151,151,151,151,152
Howard,"37,715",0,0,0,0,0,0,0,0,0,0,0,0,0,0,0,0,0,0,0,0,0,0,0,0,0,0,0,0,0,0,0,0,0,0,1,1,1,1,1,1,1,1,1,1,1,1,1,2,4,4,4,4,4,4,4,4,4,4,4,5,6,6,6,6,6,6,6,6,6,6,6,6,6,6,6,6,6,6,6,6,6,6,7,8,8,8,8,9,9,9,9,9,9,9,15
Hudspeth,"3,981",0,0,0,0,0,0,0,0,0,0,0,0,0,0,0,0,0,0,0,0,0,0,0,0,0,0,0,0,0,0,0,0,0,0,0,0,0,0,0,0,0,0,0,0,0,0,0,0,0,0,0,0,0,0,0,0,0,0,0,0,0,0,0,0,0,0,0,0,0,0,0,0,0,0,0,0,0,0,0,0,1,1,1,1,2,2,2,2,2,3,4,4,4,4,4
Hunt,"101,894",0,0,0,0,0,0,0,0,0,0,0,0,0,0,0,0,0,1,1,1,1,1,1,3,4,4,4,8,8,1,1,1,14,15,15,16,18,18,22,22,25,25,25,26,32,35,38,37,37,38,39,41,44,44,44,47,48,49,49,52,54,54,56,57,57,57,58,58,58,66,66,66,66,68,69,71,71,75,75,75,76,76,76,79,82,88,88,89,91,96,106,114,121,121,121
Hutchinson,"22,540",0,0,0,0,0,0,0,0,0,0,0,0,0,0,0,0,0,0,0,0,0,0,0,0,0,0,0,0,2,2,2,2,2,2,2,2,2,3,3,3,6,6,7,7,8,8,8,9,10,11,11,13,13,13,14,14,14,16,16,19,20,19,19,20,21,21,22,25,25,25,25,25,28,30,32,31,28,29,30,30,30,30,34,37,36,36,36,42,42,44,44,44,44,44,44
Irion,"1,712",0,0,0,0,0,0,0,0,0,0,0,0,0,0,0,0,0,0,0,0,0,0,0,0,0,0,0,0,0,0,0,0,0,0,0,0,0,0,0,0,0,0,0,0,0,0,0,0,0,0,0,0,0,0,0,0,0,0,0,0,0,0,0,0,0,0,0,0,0,0,0,0,0,0,0,0,0,0,0,0,0,0,0,0,0,0,0,1,1,1,1,1,1,1,1
Jack,"9,689",0,0,0,0,0,0,0,0,0,0,0,0,0,0,0,0,0,0,0,0,0,0,0,0,0,0,0,0,0,0,0,0,0,1,1,1,1,1,2,3,3,3,3,3,3,4,4,4,4,4,4,4,4,4,4,4,4,4,4,4,4,4,4,4,4,4,4,4,4,4,4,4,4,4,4,4,4,4,4,4,4,4,4,4,4,4,4,4,4,4,4,4,4,4,4
Jackson,"14,356",0,0,0,0,0,0,0,0,0,0,0,0,0,0,0,0,0,0,0,1,1,1,1,1,1,1,2,3,3,3,3,4,4,4,4,4,4,4,4,4,4,4,4,4,4,6,6,6,6,6,6,6,6,6,6,8,10,14,14,14,14,14,14,14,14,14,15,15,15,15,15,15,15,15,15,16,16,17,17,17,17,17,18,18,18,18,18,19,19,19,19,19,19,19,19
Jasper,"37,167",0,0,0,0,0,0,0,0,0,0,0,0,0,0,0,0,0,0,0,0,0,0,0,0,0,0,2,2,2,2,2,2,2,2,3,7,7,7,7,6,6,6,6,6,7,10,10,10,10,10,12,12,12,12,16,16,18,18,18,18,18,18,19,19,19,19,19,19,19,23,23,23,23,26,26,26,27,28,28,28,28,28,28,28,29,29,29,29,29,29,29,30,30,30,31
Jeff Davis,"2,478",0,0,0,0,0,0,0,0,0,0,0,0,0,0,0,0,0,0,0,0,0,0,0,0,0,0,0,0,0,0,0,0,0,0,0,0,0,0,0,0,0,0,0,0,0,0,0,0,0,0,0,0,0,0,0,0,0,0,0,0,0,0,0,0,0,0,0,0,0,0,0,0,0,0,0,0,0,0,0,0,0,0,0,0,0,0,0,0,0,0,0,0,0,0,0
Jefferson,"268,231",0,0,0,0,0,0,0,0,0,0,0,0,0,0,0,0,0,0,3,7,8,12,16,18,18,27,31,40,29,51,59,78,78,87,94,100,100,124,134,140,143,157,167,167,180,196,209,224,234,243,266,268,288,298,305,307,318,319,325,333,335,336,353,360,376,381,385,399,396,429,436,436,436,451,458,465,476,478,492,498,503,506,518,524,533,544,550,562,581,585,604,619,627,627,647
Jim Hogg,"5,735",0,0,0,0,0,0,0,0,0,0,0,0,0,0,0,0,0,0,0,0,0,0,0,0,0,0,0,0,0,0,0,0,0,0,0,0,0,0,0,0,0,0,0,0,0,0,0,1,1,1,1,1,3,3,3,3,3,3,3,3,3,3,3,3,3,3,3,3,3,3,4,4,4,4,4,4,4,4,4,4,4,4,4,4,4,4,4,4,4,4,4,4,4,4,4
Jim Wells,"44,487",0,0,0,0,0,0,0,0,0,0,0,0,0,0,0,0,0,0,0,0,0,0,0,0,0,0,1,1,2,2,2,2,2,2,2,2,2,2,2,2,2,2,2,2,2,2,2,2,2,3,3,3,3,3,3,3,4,5,5,5,5,5,5,6,7,7,7,7,7,7,8,8,8,8,8,9,9,9,9,9,9,9,9,9,9,9,9,9,12,12,12,13,13,13,13
Johnson,"186,847",0,0,0,0,0,0,0,0,0,0,0,0,2,2,2,2,2,3,3,3,6,8,8,8,8,12,17,18,21,21,21,24,25,25,27,28,28,28,31,34,37,37,39,39,41,44,47,50,54,57,57,58,62,67,69,69,82,82,83,87,95,97,99,100,100,103,107,110,117,119,123,123,123,136,142,144,148,148,148,148,155,158,165,171,175,175,175,176,176,178,189,190,190,190,209
Jones,"22,286",0,0,0,0,0,0,0,0,0,0,0,0,0,0,0,0,0,0,0,0,0,0,0,0,0,0,0,0,0,0,0,0,1,1,2,2,2,2,2,2,3,3,3,3,3,3,3,4,7,13,13,13,13,37,37,37,62,62,78,78,84,84,87,92,92,95,96,101,110,110,112,112,112,115,117,134,135,135,135,135,101,101,323,354,401,401,401,606,637,636,637,637,637,637,636
Karnes,"16,265",0,0,0,0,0,0,0,0,0,0,0,0,0,0,0,0,0,0,0,1,1,1,2,2,2,2,2,2,2,2,2,2,2,2,2,2,2,2,3,3,3,3,3,3,3,3,3,3,3,3,3,3,3,3,3,3,3,3,3,3,3,3,3,3,3,3,3,4,4,4,3,3,3,4,4,4,4,4,4,4,4,4,4,4,4,4,4,4,4,4,4,4,4,4,4
Kaufman,"149,063",0,0,0,0,0,0,0,0,0,0,0,0,0,0,0,0,0,2,2,2,2,2,2,3,3,4,5,9,10,10,9,14,16,19,24,26,26,28,32,33,33,38,42,42,44,48,51,58,62,71,71,74,75,83,86,86,87,87,90,96,101,106,111,116,116,120,127,133,137,143,147,147,147,155,165,173,182,182,182,182,198,199,203,217,223,223,223,227,230,240,260,269,269,269,275
Kendall,"44,958",0,0,0,0,0,0,0,0,0,0,0,0,0,0,0,0,0,0,2,3,4,6,7,7,7,7,8,8,9,10,9,9,9,9,10,10,11,11,12,14,14,14,14,14,14,14,14,15,15,16,16,16,16,16,16,16,16,16,16,17,17,18,18,19,19,19,20,20,20,20,21,21,21,23,24,24,24,24,24,24,24,28,28,28,29,29,29,30,31,31,32,33,33,33,33
Kenedy,462,0,0,0,0,0,0,0,0,0,0,0,0,0,0,0,0,0,0,0,0,0,0,0,0,0,0,0,0,0,0,0,0,0,0,0,0,0,0,0,0,0,0,0,0,0,0,0,0,0,0,0,0,0,0,0,0,0,0,0,0,0,0,0,0,0,0,0,0,0,0,0,0,0,0,0,0,0,0,0,0,0,0,0,0,0,0,0,0,0,0,0,0,0,0,0
Kent,809,0,0,0,0,0,0,0,0,0,0,0,0,0,0,0,0,0,0,0,0,0,0,0,0,0,0,0,0,0,0,0,0,0,0,0,0,0,0,0,0,0,0,0,0,0,0,0,0,0,0,0,0,0,0,0,0,0,0,0,0,0,0,0,0,0,0,0,0,0,0,0,0,0,0,0,0,0,0,0,0,0,0,0,0,0,0,0,0,0,0,0,0,0,0,0
Kerr,"57,004",0,0,0,0,0,0,0,0,0,0,0,0,0,0,0,0,0,0,0,0,0,0,0,0,0,1,1,2,2,2,2,2,2,2,2,2,2,2,2,3,4,4,4,4,4,4,4,5,5,5,6,5,5,5,5,5,5,5,5,5,6,6,7,9,9,9,9,9,10,10,10,10,10,10,11,11,12,13,16,16,16,17,17,18,18,19,19,20,20,20,20,20,20,20,20
Kimble,"5,052",0,0,0,0,0,0,0,0,0,0,0,0,0,0,0,0,0,0,0,0,0,0,0,0,0,0,0,0,0,0,0,0,0,0,0,0,0,0,0,0,0,0,0,0,0,0,0,0,0,0,0,0,0,0,0,0,0,0,0,0,0,0,1,1,1,1,1,1,1,1,1,1,1,1,1,1,1,1,1,1,1,1,1,1,1,1,1,1,1,1,1,1,1,1,1
King,299,0,0,0,0,0,0,0,0,0,0,0,0,0,0,0,0,0,0,0,0,0,0,0,0,0,0,0,0,0,0,0,0,0,0,0,0,0,0,0,0,0,0,0,0,0,0,0,0,0,0,0,0,0,0,0,0,0,0,0,0,0,0,0,0,0,0,0,0,0,0,0,0,0,0,0,0,0,0,0,0,0,0,0,0,0,0,0,0,0,0,0,0,0,0,0
Kinney,"3,816",0,0,0,0,0,0,0,0,0,0,0,0,0,0,0,0,0,0,0,0,0,0,0,0,0,0,0,0,0,0,0,0,0,0,0,0,0,0,0,0,0,0,0,0,0,0,0,0,0,0,0,0,0,0,0,0,0,0,0,0,0,0,0,0,0,0,0,0,0,0,0,0,0,0,0,0,0,0,0,0,0,0,0,0,1,1,1,1,1,1,1,1,1,1,1
Kleberg,"35,499",0,0,0,0,0,0,0,0,0,0,0,0,0,0,0,0,0,0,0,0,0,0,1,1,1,1,1,1,2,2,2,2,2,2,2,2,2,2,2,3,3,5,5,6,6,6,7,7,7,8,8,9,9,8,8,8,10,10,10,10,10,10,10,10,11,11,11,11,11,13,14,14,14,14,14,14,15,15,15,15,16,16,16,16,16,16,16,17,17,17,18,18,18,18,20
Knox,"3,762",0,0,0,0,0,0,0,0,0,0,0,0,0,0,0,0,0,0,0,0,0,0,0,0,0,0,0,0,0,0,0,1,1,1,1,1,1,1,1,1,1,1,1,1,1,1,1,1,1,1,1,1,1,1,1,1,1,1,1,1,1,1,1,1,1,1,1,1,1,1,1,1,1,1,1,1,1,1,1,1,1,1,1,1,1,1,1,1,1,1,1,1,1,1,1
Lamar,"53,136",0,0,0,0,0,0,0,0,0,0,0,0,0,0,0,0,0,1,1,1,1,3,3,3,3,3,3,3,5,5,6,6,6,8,8,8,8,8,8,7,7,7,7,7,7,7,8,7,8,8,8,8,51,51,51,61,67,67,67,69,71,76,77,77,89,89,96,104,105,111,111,116,116,116,122,126,126,128,133,134,134,134,136,138,138,145,145,145,151,152,154,155,154,154,156
Lamb,"14,620",0,0,0,0,0,0,0,0,0,0,0,0,0,0,0,0,0,0,0,0,0,1,1,1,1,1,1,1,1,1,1,1,1,1,1,1,1,1,2,2,2,2,2,2,2,2,2,2,2,2,2,3,3,3,3,3,4,4,4,4,4,5,5,5,7,7,8,8,10,10,11,11,11,11,11,11,13,15,15,15,15,16,16,16,16,16,16,16,16,16,16,17,17,17,17
Lampasas,"23,399",0,0,0,0,0,0,0,0,0,0,0,0,0,0,0,0,0,0,0,0,0,0,0,0,0,0,0,1,1,1,2,2,2,2,3,2,2,2,2,3,2,2,2,2,2,2,2,2,2,2,2,2,3,3,3,3,4,4,4,5,5,6,6,8,8,8,8,8,8,8,8,8,8,8,8,8,8,8,8,8,8,8,8,8,9,9,9,9,9,9,9,9,9,9,9
La Salle,"8,210",0,0,0,0,0,0,0,0,0,0,0,0,0,0,0,0,0,0,0,0,0,0,0,0,0,0,0,0,0,0,0,0,0,0,0,0,0,0,0,0,1,1,1,1,1,1,1,1,1,1,1,1,1,1,1,1,1,1,1,1,1,1,1,2,2,2,2,3,4,4,4,4,4,4,4,4,4,4,4,4,4,4,4,4,4,4,4,4,4,4,4,4,4,4,4
Lavaca,"19,830",0,0,0,0,0,0,0,0,1,1,1,1,1,1,1,1,1,1,1,1,1,1,1,1,1,1,1,1,2,2,2,2,3,4,4,4,4,4,4,4,4,4,4,4,4,4,4,5,5,5,5,5,5,5,6,6,6,6,6,6,6,6,6,6,6,6,6,7,7,7,8,8,8,8,8,8,8,8,9,9,9,11,11,11,12,12,12,13,14,17,18,19,19,19,19
Lee,"19,104",0,0,0,0,0,0,0,0,0,0,0,0,0,0,0,0,0,0,0,0,0,0,0,0,0,0,1,2,2,2,2,2,2,2,2,2,2,2,2,2,2,2,2,2,2,2,2,2,2,2,2,2,2,2,2,2,2,2,2,2,2,2,4,5,5,5,6,6,6,6,6,6,6,7,6,8,8,8,9,10,10,11,21,21,25,24,24,24,25,25,25,25,26,26,26
Leon,"19,495",0,0,0,0,0,0,0,0,0,0,0,0,0,0,0,0,0,0,0,0,0,0,0,1,1,2,2,2,2,2,2,2,2,2,3,3,3,3,3,4,4,5,5,5,5,5,5,5,5,5,5,5,5,5,5,6,6,6,6,7,7,7,9,9,9,9,9,9,9,9,9,9,9,9,9,9,9,9,9,9,9,9,10,10,10,10,10,10,10,10,11,11,11,11,11
Liberty,"90,780",0,0,0,0,0,0,0,0,0,0,0,0,0,0,0,0,0,0,1,1,2,2,2,2,2,3,4,5,6,6,6,12,15,15,16,17,19,19,20,23,25,25,29,32,32,33,37,36,37,38,38,38,39,41,42,43,45,45,45,46,47,48,49,62,64,66,70,72,72,72,75,75,75,75,79,81,81,80,80,80,80,80,81,90,92,95,95,95,97,97,101,101,103,103,108
Limestone,"26,085",0,0,0,0,0,0,0,0,0,0,0,0,0,0,0,0,0,1,1,1,1,1,1,2,2,2,3,3,3,3,3,6,6,7,9,11,11,11,11,11,11,11,11,11,11,11,11,11,11,11,11,12,13,12,12,12,13,13,13,13,13,13,13,14,15,15,15,15,15,15,15,15,15,17,17,18,19,22,23,23,23,23,23,24,24,24,24,26,27,30,30,32,32,32,34
Lipscomb,"3,797",0,0,0,0,0,0,0,0,0,0,0,0,0,0,0,0,0,0,0,0,0,0,0,0,0,0,0,0,0,0,0,0,0,0,0,0,0,0,0,0,0,0,0,0,0,0,0,0,0,0,0,0,1,2,2,2,2,2,2,2,2,2,2,2,2,2,2,2,2,2,2,2,2,2,2,2,2,2,2,2,2,2,2,2,2,2,2,2,3,4,5,5,5,5,7
Live Oak,"11,854",0,0,0,0,0,0,0,0,0,0,0,0,0,0,0,0,0,0,0,0,0,0,0,0,0,1,2,3,3,3,3,3,3,3,3,3,3,3,3,3,3,3,3,3,3,3,5,5,5,5,5,5,5,5,5,5,5,5,5,5,5,5,5,5,5,5,5,5,5,6,6,6,7,7,7,9,9,9,9,9,9,9,9,9,9,9,9,9,9,9,9,9,9,9,9
Llano,"21,407",0,0,0,0,0,0,0,0,0,0,0,0,0,0,0,0,0,0,1,2,2,2,2,3,3,3,3,3,3,3,2,3,3,3,3,3,3,3,3,3,3,3,3,3,3,3,3,3,3,3,3,3,3,3,3,3,3,3,3,3,3,3,3,3,3,3,3,3,3,3,3,3,3,3,3,3,3,3,3,3,3,3,3,3,3,3,3,3,3,3,3,3,3,3,3
Loving,81,0,0,0,0,0,0,0,0,0,0,0,0,0,0,0,0,0,0,0,0,0,0,0,0,0,0,0,0,0,0,0,0,0,0,0,0,0,0,0,0,0,0,0,0,0,0,0,0,0,0,0,0,0,0,0,0,0,0,0,0,0,0,0,0,0,0,0,0,0,0,0,0,0,0,0,0,0,0,0,0,0,0,0,0,0,0,0,0,0,0,0,0,0,0,0
Lubbock,"313,938",0,0,0,0,0,0,0,0,0,0,0,0,0,1,2,2,2,11,12,19,23,31,41,51,77,100,108,117,138,151,154,180,191,214,234,249,270,307,317,330,367,401,407,419,430,445,458,470,481,494,497,499,504,507,516,535,543,549,553,560,567,575,582,583,589,592,598,605,607,614,616,619,619,624,630,639,650,656,662,664,667,674,677,680,688,691,692,704,706,707,720,734,741,747,756
Lynn,"6,239",0,0,0,0,0,0,0,0,0,0,0,0,0,0,0,0,0,0,0,0,0,1,1,2,2,2,3,3,3,3,3,3,3,3,5,5,5,5,5,5,5,5,5,5,5,5,5,5,5,5,5,5,5,5,5,5,5,5,5,5,5,5,5,5,5,5,5,5,5,5,5,5,5,5,5,5,5,5,5,5,5,6,6,7,7,7,7,7,7,8,8,8,8,8,8
McCulloch,"9,040",0,0,0,0,0,0,0,0,0,0,0,0,0,0,0,0,0,0,0,0,0,0,0,0,0,0,0,0,0,0,0,0,0,1,2,3,3,3,3,3,3,3,3,3,3,3,3,3,3,3,3,3,3,3,3,3,3,3,3,3,3,3,3,3,3,3,3,3,3,3,3,3,3,3,3,3,3,3,3,3,3,3,3,3,3,3,3,3,3,3,3,3,3,3,3
McLennan,"255,521",0,0,0,0,0,0,0,0,0,0,0,0,6,7,7,7,7,20,23,28,33,34,36,36,39,44,48,49,50,51,53,56,62,62,66,68,69,71,72,74,74,76,76,76,76,77,78,81,81,81,81,82,87,87,88,89,91,91,91,91,92,92,94,94,94,94,94,96,96,96,97,97,98,98,98,102,106,107,107,107,107,112,113,117,118,118,118,120,121,123,125,127,129,129,132
McMullen,771,0,0,0,0,0,0,0,0,0,0,0,0,0,0,0,0,0,0,0,0,0,0,0,0,0,0,0,0,0,0,0,0,0,0,0,0,0,0,0,0,0,0,0,0,0,0,0,0,0,0,0,0,0,0,0,0,0,0,0,0,0,0,0,0,0,0,0,0,0,0,0,0,0,0,0,0,0,0,0,0,0,0,0,0,0,0,0,0,0,0,0,0,0,0,0
Madison,"15,654",0,0,0,0,0,0,0,0,0,0,0,0,0,0,0,0,0,0,0,0,0,0,0,0,0,0,0,0,0,0,0,0,0,0,0,0,0,0,0,1,1,1,2,2,2,2,2,2,2,2,2,2,2,2,1,1,1,1,1,1,1,2,3,3,3,3,2,2,4,6,8,8,8,8,8,8,8,8,8,8,8,8,8,8,8,8,8,8,9,9,9,10,10,10,16
Marion,"11,384",0,0,0,0,0,0,0,0,0,0,0,0,0,0,0,0,0,0,0,0,0,0,0,0,0,0,0,0,0,0,0,0,0,0,0,0,0,0,0,0,3,3,3,3,3,6,6,6,6,6,7,9,9,9,13,14,14,15,15,15,15,15,16,16,15,15,15,15,15,15,15,15,15,15,15,15,15,15,15,15,15,16,16,16,16,16,16,16,17,17,17,17,17,17,18
Martin,"5,606",0,0,0,0,0,0,0,0,0,0,0,0,0,0,0,0,0,0,0,1,1,1,1,1,1,1,1,1,1,1,2,2,2,2,2,2,2,2,2,2,2,2,2,2,2,2,2,2,2,2,2,2,2,2,2,2,2,2,2,3,3,3,3,3,3,3,3,3,3,3,3,3,3,3,3,3,3,3,3,3,3,3,3,3,3,3,3,3,3,3,3,3,3,3,3
Mason,"4,211",0,0,0,0,0,0,0,0,0,0,0,0,0,0,0,0,0,0,0,0,0,0,0,0,0,0,0,0,1,1,1,1,1,1,1,1,1,1,1,1,1,1,1,1,1,1,1,1,1,1,1,5,5,15,15,21,24,24,24,26,27,28,28,28,28,28,28,28,28,28,31,31,31,31,31,31,31,31,31,31,31,31,31,31,32,32,32,32,32,32,32,32,32,32,32
Matagorda,"39,696",0,0,0,0,0,0,0,0,1,1,1,1,3,3,3,3,3,3,6,9,9,10,12,13,13,25,29,32,33,33,37,37,38,38,38,43,46,47,49,50,50,50,51,51,51,56,55,57,58,59,58,58,60,60,60,60,62,61,61,62,62,62,62,62,62,62,62,62,62,63,63,63,63,63,63,63,63,63,63,63,63,65,66,67,67,67,67,67,68,69,69,70,70,70,72
Maverick,"63,502",0,0,0,0,0,0,0,0,0,0,0,0,0,0,0,0,0,0,1,1,1,1,1,1,1,1,3,4,4,4,5,5,7,7,8,9,9,9,10,10,10,12,12,12,12,15,15,14,14,16,16,16,16,16,16,24,24,24,24,26,26,26,26,26,26,26,41,41,52,57,57,74,74,89,93,94,94,97,97,97,97,97,97,109,116,116,116,120,120,129,129,133,133,133,133
Medina,"56,907",0,0,0,0,0,0,0,0,0,0,1,1,1,1,1,1,1,1,1,1,3,3,3,3,3,3,3,3,3,4,4,6,7,9,10,12,13,13,13,13,15,15,15,15,15,15,17,17,17,19,19,19,19,19,20,20,20,20,20,20,20,21,22,22,31,32,38,45,47,48,49,50,58,59,60,64,64,66,67,67,67,68,69,71,71,73,73,73,74,76,78,216,216,216,216
Menard,"2,406",0,0,0,0,0,0,0,0,0,0,0,0,0,0,0,0,0,0,0,0,0,0,0,0,0,0,0,0,0,0,0,0,0,0,0,0,0,0,0,0,0,0,0,0,0,0,0,0,0,0,0,0,0,0,0,0,0,0,0,0,0,0,0,0,0,0,0,0,0,0,0,0,0,0,0,0,0,0,0,0,0,0,0,0,0,0,0,0,0,0,0,0,0,0,0
Midland,"159,256",0,0,0,0,0,0,0,0,0,0,0,0,0,0,1,1,1,1,3,4,6,8,11,13,13,16,16,19,22,24,24,27,30,30,31,31,32,32,32,35,37,41,42,42,43,64,65,67,69,70,71,73,74,75,76,79,82,82,89,90,91,94,100,101,101,101,107,112,115,116,120,120,120,122,122,123,123,124,124,124,124,125,126,128,129,129,129,132,137,141,146,155,155,155,169
Milam,"26,786",0,0,0,0,0,0,0,0,0,0,0,0,0,0,0,0,0,0,2,2,2,2,2,2,2,2,2,2,2,3,3,3,7,7,7,7,7,8,8,8,8,9,9,11,12,12,12,13,13,13,13,13,14,14,16,16,16,17,18,18,18,18,18,20,20,20,20,20,22,23,23,24,24,25,26,27,27,28,28,28,28,28,28,28,28,28,28,29,29,29,32,35,35,35,35
Mills,"5,240",0,0,0,0,0,0,0,0,0,0,0,0,0,0,0,0,0,0,0,0,0,0,0,0,0,0,0,0,0,0,0,0,0,0,0,0,0,0,0,0,0,0,0,0,0,0,0,0,0,0,0,0,0,0,0,0,0,0,0,0,0,0,0,0,0,0,1,0,0,0,0,0,0,1,1,1,1,1,1,1,1,1,1,1,1,1,1,1,1,1,1,1,1,1,1
Mitchell,"10,050",0,0,0,0,0,0,0,0,0,0,0,0,0,0,0,0,0,0,0,0,0,0,0,0,0,0,0,0,0,0,0,1,1,1,1,1,1,1,1,1,1,1,1,1,1,1,1,1,1,1,1,1,1,1,1,1,1,1,1,1,1,1,1,1,1,1,1,1,1,1,1,1,1,1,1,1,1,1,1,1,1,1,1,1,1,1,1,1,1,1,1,1,1,1,1
Montague,"21,462",0,0,0,0,0,0,0,0,0,0,0,0,0,0,0,0,0,0,0,0,1,1,1,1,1,1,1,1,1,1,1,1,1,1,1,2,2,2,5,5,5,5,5,5,5,6,6,6,6,6,6,6,6,6,6,6,6,6,7,8,9,9,9,9,9,9,9,9,9,9,9,9,9,9,9,9,9,9,9,9,9,9,9,9,9,9,9,9,9,9,9,9,9,9,9
Montgomery,"660,481",0,0,0,0,0,0,1,1,3,3,3,3,3,4,4,4,4,19,23,31,41,47,64,66,81,93,110,110,130,142,149,161,197,210,231,245,251,251,266,308,331,350,370,377,377,393,417,440,467,496,506,506,530,562,582,602,629,634,634,640,662,672,689,699,699,699,724,742,758,773,798,798,798,817,848,861,881,888,888,888,888,913,926,940,954,954,954,966,1010,1033,1053,1064,1064,1064,1090
Moore,"25,817",0,0,0,0,0,0,0,0,0,0,0,0,0,0,0,0,0,0,0,0,0,0,0,1,1,1,6,6,6,6,6,7,9,15,21,21,22,22,36,52,59,75,99,106,121,139,162,172,186,192,252,272,294,295,327,350,363,399,399,434,448,454,487,494,527,526,535,521,534,540,544,552,567,575,579,579,508,511,512,513,514,518,565,602,604,686,689,838,840,844,851,852,852,852,864
Morris,"13,917",0,0,0,0,0,0,0,0,0,0,0,0,0,0,0,0,0,1,1,1,1,1,1,1,1,1,1,1,1,1,1,1,1,2,3,3,3,3,3,3,3,4,4,5,5,5,5,5,5,5,5,5,5,5,5,5,8,9,9,9,9,9,9,9,9,9,9,9,10,10,11,11,11,13,14,15,17,17,17,17,21,22,27,28,26,26,26,26,25,27,27,27,27,27,27
Motley,"1,196",0,0,0,0,0,0,0,0,0,0,0,0,0,0,0,0,0,0,0,0,0,0,0,0,0,0,0,0,0,0,0,0,0,0,0,0,0,1,1,1,1,1,1,1,1,1,1,1,1,1,1,1,1,1,1,1,1,1,1,1,1,1,1,1,1,1,1,1,1,1,1,1,1,1,1,1,1,1,1,1,1,1,1,1,1,1,1,1,1,1,1,1,1,1,1
Nacogdoches,"73,458",0,0,0,0,0,0,0,0,0,0,0,0,0,0,0,0,0,0,0,1,1,1,2,2,2,4,5,12,15,16,18,21,25,25,29,30,47,48,56,64,69,75,88,89,91,96,98,110,115,115,125,125,141,141,157,160,172,172,174,187,189,202,202,202,206,211,221,224,227,229,233,238,239,241,243,244,255,255,257,257,257,261,271,270,287,287,288,290,294,298,301,301,304,304,305
Navarro,"55,437",0,0,0,0,0,0,0,0,0,0,0,0,0,0,0,0,0,0,0,0,1,1,1,3,3,4,4,5,5,4,4,4,4,10,11,12,12,12,16,16,18,20,20,20,20,23,24,25,26,28,28,28,28,30,30,31,31,31,31,31,33,34,36,36,36,36,36,37,37,38,38,38,38,38,40,40,42,44,44,44,45,49,49,50,55,56,56,57,58,61,64,66,66,66,70
Newton,"14,314",0,0,0,0,0,0,0,0,0,0,0,0,0,0,0,0,0,0,0,0,0,0,0,0,0,1,1,1,1,1,1,1,1,1,1,2,2,2,2,2,2,2,2,2,2,2,2,2,2,2,2,2,2,2,2,2,2,2,2,2,4,4,4,4,4,4,4,4,4,4,4,4,4,4,4,4,4,4,4,4,4,4,4,4,5,5,5,5,5,5,5,6,6,6,6
Nolan,"16,176",0,0,0,0,0,0,0,0,0,0,0,0,0,0,0,0,0,0,0,0,0,0,0,0,0,0,0,0,0,0,0,0,0,0,0,0,0,0,0,0,0,0,0,0,0,0,0,0,1,1,1,1,1,1,1,1,2,2,2,2,2,2,2,2,2,2,2,2,2,2,2,2,2,2,2,2,2,2,2,2,2,2,2,2,4,4,4,2,3,8,8,9,9,9,9
Nueces,"376,623",0,0,0,0,0,0,0,0,0,0,0,0,0,0,0,1,1,1,10,14,18,20,21,22,31,34,40,41,47,50,53,59,65,69,72,72,76,76,79,83,83,87,89,90,90,90,90,90,91,92,94,94,99,99,99,102,106,107,107,113,114,117,123,128,129,132,147,174,186,209,231,233,234,242,248,256,260,260,262,262,263,266,268,268,268,274,275,275,280,285,286,289,289,289,300
Ochiltree,"12,755",0,0,0,0,0,0,0,0,0,0,0,0,0,0,0,0,0,0,0,0,0,0,0,0,0,0,0,0,0,0,0,0,0,0,0,0,0,0,0,0,0,0,0,0,0,0,0,0,1,5,5,5,24,25,25,19,19,19,19,25,26,28,29,29,29,29,29,40,40,40,39,40,41,40,41,41,42,42,43,43,43,43,48,49,49,49,49,49,50,51,51,51,51,51,52
Oldham,"2,233",0,0,0,0,0,0,0,0,0,0,0,0,0,0,1,1,1,1,1,1,1,1,2,2,2,2,2,2,2,2,2,3,3,3,3,3,3,3,3,3,3,3,3,3,3,3,3,3,3,3,3,3,3,3,3,3,3,3,3,3,3,3,3,3,3,3,3,3,3,4,4,3,3,3,3,3,3,3,3,3,3,3,3,3,3,3,3,4,4,4,4,4,4,4,4
Orange,"88,026",0,0,0,0,0,0,0,0,0,0,0,0,0,0,0,0,0,0,1,1,1,1,1,5,5,7,7,7,12,22,22,26,29,30,30,33,44,44,45,46,47,48,48,49,49,58,59,59,63,64,64,64,64,70,70,71,71,71,71,77,79,81,81,85,85,85,85,84,84,87,87,87,87,87,89,89,94,96,96,96,96,96,96,98,98,98,98,98,98,101,101,100,100,100,100
Palo Pinto,"31,708",0,0,0,0,0,0,0,0,0,0,0,0,0,0,0,0,0,0,0,0,0,0,0,0,0,0,1,1,1,1,1,2,3,4,4,4,4,4,5,5,6,6,6,6,7,7,7,7,7,7,7,7,7,7,7,7,8,8,8,8,9,9,9,9,9,9,9,9,9,9,9,9,9,9,10,10,10,10,10,10,11,11,11,13,13,13,13,13,13,13,13,13,13,13,13
Panola,"25,965",0,0,0,0,0,0,0,0,0,0,0,0,0,0,0,0,0,0,0,0,0,0,0,0,0,0,3,4,4,4,4,4,4,7,10,10,10,13,20,22,32,35,37,37,38,42,49,61,70,70,76,78,80,80,107,128,133,133,135,135,136,139,138,138,142,144,149,149,155,158,159,162,162,162,164,164,165,166,171,172,172,173,174,175,178,179,180,180,181,213,213,213,214,214,214
Parker,"159,119",0,0,0,0,0,0,0,0,0,0,0,0,0,0,0,0,1,1,1,2,2,4,4,4,4,4,4,5,6,6,6,6,6,9,11,13,13,14,15,16,17,20,21,21,21,21,21,22,23,24,24,24,25,30,30,30,35,35,39,40,41,43,44,45,45,45,45,47,56,57,57,57,57,63,64,67,67,67,67,67,68,68,70,74,76,76,76,79,81,81,87,92,92,92,104
Parmer,"12,385",0,0,0,0,0,0,0,0,0,0,0,0,0,0,0,0,0,0,0,0,0,0,0,0,0,0,0,0,0,0,0,0,0,0,0,0,0,0,0,0,0,0,0,1,1,2,3,3,4,4,4,4,6,6,6,8,8,8,13,13,14,17,17,19,19,19,21,22,23,23,25,26,34,36,39,39,49,51,53,53,54,54,53,55,59,59,59,59,69,71,88,89,89,89,98
Pecos,"17,026",0,0,0,0,0,0,0,0,0,0,0,0,0,0,0,0,0,0,0,0,0,0,0,0,0,0,0,0,0,0,1,1,1,1,1,1,1,1,1,5,5,5,5,5,5,5,5,6,6,8,6,9,9,9,9,11,10,10,10,13,14,14,14,15,15,15,19,20,20,20,20,20,20,23,24,24,27,27,27,27,27,27,56,66,66,93,102,102,103,103,103,104,105,105,15
Polk,"51,908",0,0,0,0,0,0,0,0,0,0,0,0,0,0,0,0,0,0,0,0,0,0,1,1,4,4,4,7,7,7,8,8,8,8,8,9,9,9,11,11,14,14,14,14,14,15,15,17,18,18,18,18,18,19,19,20,20,20,20,30,30,30,35,35,35,35,40,40,46,47,47,47,47,50,50,52,52,52,52,52,52,53,54,55,56,56,56,60,60,60,60,61,61,61,61
Potter,"134,475",0,0,0,0,0,0,0,0,0,0,0,0,0,0,2,2,2,2,2,2,2,2,4,5,5,10,16,21,24,40,40,41,47,58,59,66,70,70,79,79,92,101,110,130,142,160,174,204,221,280,326,333,396,430,499,572,684,766,818,876,907,971,1027,1101,1124,1124,1179,1327,1421,1462,2080,2129,2129,2145,2193,2196,2202,2229,2238,2238,2238,2251,2266,2276,2317,2321,2321,2354,2432,2488,2504,2754,2756,2756,2763
Presidio,"8,683",0,0,0,0,0,0,0,0,0,0,0,0,0,0,0,0,0,0,0,0,0,0,0,0,0,0,0,0,0,0,0,0,0,0,0,0,0,0,0,0,0,0,0,0,0,0,0,0,0,0,0,0,0,0,0,0,0,0,0,0,0,0,0,0,0,0,0,0,0,0,0,0,0,0,0,0,0,0,0,1,1,1,1,1,1,1,1,1,1,1,1,2,2,2,2
Rains,"13,134",0,0,0,0,0,0,0,0,0,0,0,0,0,0,0,0,0,0,0,0,0,0,0,0,0,0,0,0,0,0,0,0,0,0,1,1,1,1,1,2,2,2,2,2,2,2,2,2,2,2,2,2,2,2,2,2,2,2,2,2,2,2,2,2,2,2,2,2,2,2,2,2,2,2,2,3,3,3,3,3,3,3,3,3,3,3,3,3,4,4,4,4,4,4,4
Randall,"142,109",0,0,0,0,0,0,0,0,0,0,0,0,0,0,0,0,0,0,0,0,0,3,3,6,6,6,17,21,24,34,36,36,40,52,56,60,64,64,73,73,80,93,97,103,112,115,117,125,137,149,164,172,191,200,213,234,256,270,279,296,310,333,343,355,358,358,379,413,444,477,593,602,602,611,616,625,629,645,648,648,648,652,655,658,671,674,674,688,711,715,724,727,728,728,737
Reagan,"3,908",0,0,0,0,0,0,0,0,0,0,0,0,0,0,0,0,0,0,0,0,0,0,0,0,0,0,0,0,0,0,0,0,0,0,0,0,0,0,0,0,0,0,0,0,0,0,0,0,0,0,0,0,0,0,0,0,0,0,0,0,0,0,0,0,0,0,0,0,0,0,0,0,0,0,0,0,0,0,0,0,0,1,1,2,2,2,2,2,2,2,2,2,2,2,2
Real,"3,439",0,0,0,0,0,0,0,0,0,0,0,0,0,0,0,0,0,0,0,0,0,0,0,0,0,0,0,0,0,0,0,0,0,0,0,0,0,0,0,0,0,0,0,0,0,0,0,0,0,0,0,0,0,0,0,0,0,0,0,0,0,0,0,0,0,0,0,0,0,0,0,0,0,0,0,0,0,0,0,0,0,0,0,0,0,0,0,0,0,0,1,1,1,1,1
Red River,"13,468",0,0,0,0,0,0,0,0,0,0,0,0,0,0,0,0,0,0,0,0,0,0,0,0,0,0,0,0,0,0,0,0,0,0,0,0,0,0,0,0,1,1,1,1,1,1,1,1,1,1,1,1,1,1,1,1,1,1,1,1,1,2,3,3,9,9,27,28,33,35,35,35,35,36,40,42,44,46,46,47,48,50,50,50,66,70,70,72,74,76,76,78,79,79,81
Reeves,"14,934",0,0,0,0,0,0,0,0,0,0,0,0,0,0,0,0,0,0,0,0,0,0,0,0,0,0,0,0,0,0,0,0,0,0,0,0,0,0,0,0,0,0,0,0,0,0,0,0,0,0,0,0,0,0,0,0,0,0,0,0,0,0,1,1,1,1,1,1,1,3,3,3,3,3,3,5,5,5,5,7,7,7,7,7,7,7,7,7,7,7,8,8,8,8,11
Refugio,"7,514",0,0,0,0,0,0,0,0,0,0,0,0,0,0,0,0,0,0,0,0,0,0,0,0,0,0,0,0,0,0,0,0,0,0,0,0,0,0,0,0,0,0,0,0,0,0,0,0,0,0,0,0,0,0,0,0,0,0,1,1,1,1,1,1,1,1,2,3,3,3,3,3,3,3,3,3,3,3,3,3,3,3,3,3,3,3,3,3,3,3,3,3,3,3,5
Roberts,994,0,0,0,0,0,0,0,0,0,0,0,0,0,0,0,0,0,0,0,0,0,0,0,0,0,0,0,0,0,0,0,0,0,0,0,0,0,0,0,0,1,1,2,2,2,2,2,2,2,2,2,2,2,2,2,2,2,2,2,2,2,2,2,2,2,2,2,2,2,2,2,2,2,2,2,2,2,2,2,2,2,2,2,2,2,2,2,2,2,2,2,2,2,2,2
Robertson,"19,553",0,0,0,0,0,0,0,0,0,0,0,0,0,0,0,0,0,1,1,1,1,2,2,2,2,2,2,2,2,2,2,2,2,2,2,2,2,2,2,2,2,2,2,2,2,2,2,2,2,2,2,2,2,4,3,4,4,4,4,4,4,5,5,5,5,5,5,6,6,6,6,6,6,7,7,7,7,7,7,7,7,7,7,8,8,8,9,11,11,11,14,14,16,16,17
Rockwall,"115,985",0,0,0,0,0,0,0,0,0,0,0,0,0,0,0,0,0,0,0,2,3,3,4,4,5,9,10,10,11,10,10,11,14,14,16,20,20,22,24,30,30,32,34,34,36,40,48,48,49,51,51,56,58,75,75,75,85,85,88,91,95,96,100,100,100,104,113,116,123,125,134,134,134,136,143,147,151,151,151,151,155,156,159,164,167,167,167,171,171,176,181,183,183,183,189
Runnels,"11,010",0,0,0,0,0,0,0,0,0,0,0,0,0,0,0,0,0,0,0,0,0,0,0,0,0,0,0,0,0,0,0,0,0,0,0,0,0,0,0,0,0,0,0,0,0,0,0,0,0,0,0,0,1,1,1,1,2,2,2,2,2,2,2,2,2,2,2,2,2,2,2,2,2,2,2,2,2,2,2,2,2,2,2,3,3,3,3,2,2,2,3,3,3,3,3
Rusk,"63,351",0,0,0,0,0,0,0,0,0,0,0,1,1,1,1,1,1,1,1,2,2,2,3,3,3,5,6,7,11,12,11,12,14,14,14,14,16,15,16,17,24,25,27,27,27,27,28,28,30,30,32,32,33,33,35,36,36,36,36,38,39,40,40,40,40,40,40,40,40,40,42,42,42,42,42,42,42,42,43,43,44,44,45,45,52,55,55,56,57,59,60,63,64,64,67
Sabine,"12,186",0,0,0,0,0,0,0,0,0,0,0,0,0,0,0,0,0,0,0,0,0,0,0,0,0,0,0,0,0,0,0,0,0,0,0,0,0,0,0,0,1,1,1,1,1,1,1,1,1,1,1,1,1,1,1,1,1,1,1,1,1,2,2,2,2,2,3,3,3,3,3,3,3,4,4,4,4,5,5,5,5,5,6,6,14,14,15,15,15,15,15,15,15,15,15
San Augustine,"9,340",0,0,0,0,0,0,0,0,0,0,0,0,0,0,0,0,0,0,0,0,0,0,0,0,0,1,1,4,4,4,4,4,4,7,9,9,9,9,9,9,11,14,14,14,14,14,14,15,16,16,16,16,16,16,16,19,19,19,19,19,21,21,21,21,21,21,22,22,22,22,22,22,22,26,26,28,29,29,29,29,29,31,31,37,38,38,38,44,44,44,44,45,45,45,45
San Jacinto,"32,428",0,0,0,0,0,0,0,0,0,0,0,0,0,0,0,0,0,0,0,0,0,0,1,1,1,1,1,1,1,1,1,1,3,3,3,5,5,7,8,7,10,10,8,8,8,8,8,8,8,8,9,9,9,9,9,9,10,10,10,10,10,10,10,10,11,11,11,11,12,12,12,12,12,12,12,13,14,14,14,14,14,14,14,14,14,14,14,14,14,16,17,17,17,17,19
San Patricio,"68,331",0,0,0,0,0,0,0,0,0,0,0,0,0,0,0,0,0,0,0,1,1,1,1,1,1,2,2,3,4,5,2,2,7,7,7,7,7,7,9,8,8,8,8,8,8,8,9,11,11,12,12,12,13,12,12,12,12,12,13,13,14,16,16,18,20,22,22,22,23,25,25,26,26,26,26,28,28,28,28,28,28,29,32,33,33,33,33,36,36,36,38,38,39,39,41
San Saba,"6,482",0,0,0,0,0,0,0,0,0,0,0,0,0,0,0,0,0,0,0,0,0,0,0,0,0,0,0,0,0,0,0,0,0,0,0,0,0,0,0,0,0,0,0,0,0,0,0,0,0,0,0,0,0,0,0,0,0,0,0,0,0,0,0,0,0,0,0,0,0,0,0,0,0,1,1,1,1,1,1,1,1,1,1,1,1,1,1,1,1,1,1,1,1,1,1
Schleicher,"3,920",0,0,0,0,0,0,0,0,0,0,0,0,0,0,0,0,0,0,0,0,0,0,0,0,0,0,0,0,0,0,0,0,0,0,0,0,0,0,0,0,0,0,0,0,0,0,0,0,0,0,0,0,0,0,0,0,0,0,0,0,0,0,0,0,0,0,0,0,0,0,0,0,0,0,0,0,0,0,0,0,0,0,0,0,0,0,0,0,0,0,0,0,0,0,0
Scurry,"18,906",0,0,0,0,0,0,0,0,0,0,0,0,0,0,0,0,0,0,0,0,0,0,0,0,0,0,0,0,0,0,0,0,0,0,0,0,0,0,0,0,1,1,1,1,2,2,2,2,2,2,2,2,2,2,2,2,2,2,2,2,2,2,2,2,2,2,2,2,2,2,2,2,2,2,2,2,2,2,2,2,2,2,2,21,24,24,24,32,32,33,25,26,26,26,26
Shackelford,"3,734",0,0,0,0,0,0,0,0,0,0,0,0,0,0,0,0,0,0,0,0,0,0,0,0,0,0,0,0,0,0,0,0,0,0,0,0,0,0,0,0,0,0,0,0,0,0,0,0,0,0,0,0,0,0,0,0,0,0,0,0,0,1,1,1,1,1,1,1,1,1,1,1,1,1,1,1,1,1,1,1,1,1,1,1,1,1,1,1,1,1,1,1,1,1,1
Shelby,"28,649",0,0,0,0,0,0,0,0,0,0,0,0,0,0,0,0,0,0,0,0,1,1,1,2,2,2,4,10,11,11,11,13,17,23,31,34,34,36,40,46,51,53,60,60,60,69,69,85,86,86,97,98,101,101,106,117,117,117,117,129,131,144,149,149,152,152,158,163,167,172,173,175,175,175,177,180,183,183,183,183,183,187,189,189,201,201,201,203,207,213,213,213,213,213,214
Sherman,"3,440",0,0,0,0,0,0,0,0,0,0,0,0,0,0,0,0,0,0,0,0,0,0,0,0,0,0,0,0,0,0,0,0,0,0,0,0,0,0,0,0,4,6,7,7,7,7,9,10,10,11,12,14,14,14,15,17,17,18,18,18,18,19,20,20,23,23,23,23,23,23,23,23,23,23,23,23,21,21,21,21,21,22,23,24,24,24,24,27,27,27,28,28,28,28,28
Smith,"243,064",0,0,0,0,0,0,0,0,3,3,3,5,5,5,5,5,5,14,14,16,21,27,30,32,32,37,47,53,57,57,57,63,75,82,88,93,93,96,101,103,108,108,116,121,121,123,124,125,131,131,132,134,139,139,142,144,146,146,146,155,156,165,170,170,174,174,177,185,186,189,189,189,189,192,192,195,198,198,198,198,198,199,200,200,204,204,204,210,212,215,216,223,223,223,235
Somervell,"10,480",0,0,0,0,0,0,0,0,0,0,0,0,0,0,0,0,0,0,0,0,0,0,0,0,0,0,0,0,0,0,0,0,0,0,0,0,0,0,0,0,0,0,0,0,0,0,0,0,0,0,0,0,0,0,0,0,0,0,0,0,0,0,0,0,0,0,0,0,0,0,0,0,0,0,0,0,0,0,0,0,0,0,0,0,0,0,0,0,0,0,0,0,0,0,1
Starr,"68,878",0,0,0,0,0,0,0,0,0,0,0,0,0,0,0,0,0,0,0,0,2,2,2,2,2,4,5,5,5,6,7,7,7,7,7,7,7,7,7,7,7,7,7,7,7,7,7,7,7,7,7,7,8,9,9,9,9,9,9,10,10,10,14,14,14,14,14,14,14,16,17,17,17,19,22,22,22,24,24,24,24,26,27,33,33,33,34,36,37,42,44,50,52,52,57
Stephens,"10,297",0,0,0,0,0,0,0,0,0,0,0,0,0,0,0,0,0,0,0,0,0,0,0,0,0,0,0,0,0,0,0,0,0,0,1,1,1,1,1,1,1,1,1,1,1,1,1,1,1,1,1,1,1,1,1,1,1,1,1,1,1,1,1,1,1,1,1,2,2,2,2,2,2,2,2,2,2,2,2,2,4,4,4,4,4,4,4,4,4,4,4,4,4,4,4
Sterling,"1,214",0,0,0,0,0,0,0,0,0,0,0,0,0,0,0,0,0,0,0,0,0,0,0,0,0,0,0,0,0,0,0,0,0,0,0,0,0,0,0,0,0,0,0,0,0,0,0,0,0,0,0,0,0,0,0,0,0,0,0,0,0,0,0,0,0,0,0,0,0,0,0,0,0,0,0,0,0,0,0,0,0,0,0,0,0,0,0,0,0,0,0,0,0,0,0
Stonewall,"1,515",0,0,0,0,0,0,0,0,0,0,0,0,0,0,0,0,0,0,0,0,0,0,0,0,0,0,0,0,0,0,0,0,0,0,0,0,0,0,0,0,0,0,0,0,0,0,0,0,0,0,0,0,0,0,0,0,0,0,0,0,0,0,0,0,0,0,0,0,0,0,0,0,0,0,0,0,0,0,0,0,0,0,0,0,0,0,0,0,0,0,0,0,0,0,0
Sutton,"4,651",0,0,0,0,0,0,0,0,0,0,0,0,0,0,0,0,0,0,0,0,0,0,0,0,0,0,0,0,0,0,0,0,0,0,0,0,0,0,0,0,0,0,0,0,0,0,0,0,0,0,0,0,0,0,0,0,0,0,0,0,0,0,0,0,0,0,0,0,0,0,0,0,0,0,0,0,0,0,0,0,0,0,0,0,0,0,0,0,0,0,0,0,0,0,0
Swisher,"8,230",0,0,0,0,0,0,0,0,0,0,0,0,0,0,0,0,0,0,0,0,0,0,1,1,1,1,1,1,1,1,1,1,2,2,3,3,4,4,4,4,4,4,4,4,5,5,6,6,7,7,9,9,9,9,9,9,9,9,9,10,11,11,11,11,12,12,13,13,13,14,14,14,15,15,15,15,15,17,17,17,17,17,18,18,17,17,17,17,17,18,18,18,18,18,18
Tarrant,"2,127,850",0,0,0,0,0,1,1,1,3,3,3,5,5,5,8,8,9,57,71,90,100,114,139,139,175,273,288,325,383,404,418,452,517,588,637,705,787,806,876,929,990,1093,1175,1229,1242,1249,1333,1430,1559,1706,1836,1947,2019,2088,2149,2246,2388,2503,2584,2624,2686,2813,2956,3127,3210,3695,3745,3810,4076,4211,4266,4350,4447,4559,4643,4711,4803,4899,4951,4977,4977,5039,5190,5294,5379,5463,5513,5534,5623,5761,5863,5985,6073,6150,6369
Taylor,"138,279",0,0,0,0,0,0,0,0,0,0,0,0,0,0,0,0,0,0,0,0,1,2,7,7,11,14,14,18,23,27,31,31,38,43,51,55,59,61,68,74,79,89,126,142,144,144,164,185,191,203,216,222,255,277,291,319,327,348,349,356,378,206,207,208,208,208,210,213,214,215,217,217,217,222,225,224,228,228,228,230,230,230,231,232,234,235,236,241,241,242,245,246,246,246,247
Terrell,"1,047",0,0,0,0,0,0,0,0,0,0,0,0,0,0,0,0,0,0,0,0,0,0,0,0,0,0,0,0,0,0,0,0,0,0,0,0,0,0,0,0,0,0,0,0,0,0,0,0,0,0,0,0,0,0,0,0,0,0,0,0,0,0,0,0,0,0,0,0,0,0,0,0,0,0,0,0,0,0,0,0,0,0,0,0,0,0,0,0,0,0,0,0,0,0,0
Terry,"13,323",0,0,0,0,0,0,0,0,0,0,0,0,0,0,0,0,0,0,1,1,1,1,3,3,4,4,4,4,4,4,4,4,6,6,6,6,6,10,10,10,10,10,10,10,10,10,10,10,10,10,10,10,10,10,11,11,11,11,11,12,12,12,12,12,12,12,12,12,12,12,12,12,12,13,13,13,13,13,13,13,13,13,13,13,13,13,13,13,13,13,13,13,13,13,13
Throckmorton,"1,639",0,0,0,0,0,0,0,0,0,0,0,0,0,0,0,0,0,0,0,0,0,0,0,0,0,0,0,0,0,0,0,0,0,0,0,0,0,0,0,0,0,0,0,0,0,0,0,0,0,0,0,0,0,0,0,0,0,0,0,0,0,0,0,0,0,0,0,0,0,0,0,0,0,0,0,0,0,0,0,0,0,0,0,0,0,0,0,0,0,0,1,0,0,0,0
Titus,"37,790",0,0,0,0,0,0,0,0,0,0,0,0,0,0,0,0,0,0,0,0,0,0,0,0,0,0,0,1,1,1,1,2,2,4,6,6,6,6,7,8,8,8,8,9,9,11,12,12,15,15,15,15,15,15,16,17,17,20,20,21,23,27,29,29,35,35,37,59,74,83,96,96,102,129,142,189,221,245,246,251,321,347,443,464,446,451,458,467,481,500,511,541,541,541,558
Tom Green,"114,995",0,0,0,0,0,0,0,0,0,0,0,0,0,0,0,0,0,1,1,2,2,3,3,5,6,9,9,10,17,20,21,24,25,25,32,33,35,35,39,39,40,41,41,41,41,41,41,41,42,41,43,44,44,44,49,48,50,54,55,56,56,58,59,59,59,59,59,59,59,60,61,61,61,62,62,63,64,64,64,64,64,64,67,67,65,69,70,70,70,69,69,78,78,81,82
Travis,"1,277,007",0,0,0,0,0,0,0,0,2,2,3,4,7,21,22,22,22,79,98,119,137,160,179,200,206,244,305,351,430,460,484,502,554,597,642,690,744,774,856,900,977,1029,1074,1092,1108,1174,1233,1263,1312,1379,1396,1412,1464,1539,1591,1654,1683,1714,1756,1816,1876,1946,2002,2071,2095,2127,2171,2235,2288,2345,2381,2425,2459,2537,2595,2644,2712,2761,2788,2847,2933,2984,3057,3124,3186,3232,3272,3360,3433,3501,3562,3616,3662,3697,3815
Trinity,"16,618",0,0,0,0,0,0,0,0,0,0,0,0,0,0,0,0,0,0,0,0,0,0,0,0,0,0,0,0,2,2,2,2,2,3,3,3,3,3,4,4,7,7,7,7,7,7,7,7,8,8,8,8,8,8,8,8,8,8,8,9,10,10,11,11,11,11,11,11,11,11,11,11,11,11,11,11,13,13,13,13,13,13,13,13,14,15,15,15,15,20,20,20,20,20,22
Tyler,"22,646",0,0,0,0,0,0,0,0,0,0,0,0,0,0,0,0,0,0,0,0,0,0,0,0,0,0,0,0,1,1,1,1,1,1,1,2,2,2,2,3,4,4,5,5,6,6,6,6,6,6,6,6,6,6,6,6,6,6,6,7,7,7,7,7,7,7,7,7,7,7,9,9,9,10,10,10,10,11,11,11,11,11,11,11,12,12,12,12,12,14,14,15,16,16,16
Upshur,"45,120",0,0,0,0,0,0,0,0,0,0,0,0,0,0,0,0,0,1,1,1,1,1,1,2,2,2,3,3,3,3,3,5,6,6,6,6,8,8,9,9,9,9,9,9,9,9,12,12,13,13,13,13,13,13,14,15,15,15,15,15,16,16,17,17,17,17,17,17,17,18,18,18,18,18,18,18,18,18,18,18,19,19,20,21,26,26,26,27,28,28,30,31,31,31,35
Upton,"3,886",0,0,0,0,0,0,0,0,0,0,0,0,0,0,0,0,0,0,0,0,0,0,0,0,0,0,0,0,0,0,0,0,0,0,0,0,0,0,0,0,0,0,0,0,0,0,0,0,0,0,0,0,0,0,0,0,0,0,0,0,0,0,0,0,0,0,0,0,0,0,0,0,0,0,0,0,0,0,0,0,0,0,0,0,0,0,0,0,0,0,0,0,0,0,0
Uvalde,"28,593",0,0,0,0,0,0,0,0,0,0,0,0,0,0,0,0,0,0,0,0,1,1,2,2,2,4,4,4,4,4,5,5,5,6,7,6,6,6,6,6,6,6,6,6,6,6,6,6,6,6,6,6,6,6,6,6,6,6,6,6,6,6,6,6,6,6,6,6,6,6,6,6,6,6,6,6,6,6,6,6,6,6,6,7,11,12,12,14,16,18,17,17,17,17,17
Val Verde,"53,256",0,0,0,0,0,0,0,0,0,0,0,0,0,0,0,0,0,0,0,1,2,4,5,5,5,5,5,5,5,5,5,6,6,6,6,10,10,10,12,12,12,12,12,12,12,12,12,12,12,12,12,12,12,12,12,12,13,13,13,13,13,13,13,13,13,13,13,13,13,13,13,13,13,13,13,13,13,13,13,13,14,14,14,18,18,18,18,21,21,21,21,21,21,21,21
Van Zandt,"58,259",0,0,0,0,0,0,0,0,0,0,0,0,0,0,0,0,0,1,1,1,1,1,1,2,2,2,3,3,4,4,4,5,7,7,10,10,10,10,10,10,11,11,12,12,12,12,13,13,13,13,13,13,14,14,14,15,16,16,16,16,18,18,18,18,18,18,18,22,22,22,22,22,22,23,24,25,26,26,26,26,26,30,30,30,31,31,31,34,35,35,37,39,39,39,40
Victoria,"92,845",0,0,0,0,0,0,0,0,0,0,0,0,0,0,0,0,0,0,0,3,3,3,3,6,9,16,20,27,32,32,35,50,59,66,73,76,77,81,87,89,89,89,89,93,93,95,96,105,105,114,117,121,127,127,132,137,139,139,139,143,146,146,146,148,150,150,150,150,154,154,154,154,156,157,157,157,157,157,157,157,157,157,159,160,160,160,160,160,162,167,170,170,170,170,174
Walker,"72,778",0,0,0,0,0,0,0,0,0,0,0,0,0,0,0,0,0,0,1,3,3,3,3,3,3,5,7,5,10,10,10,10,10,11,13,17,17,21,38,38,58,67,68,77,73,95,95,136,151,164,164,192,200,212,245,269,269,298,298,293,303,315,332,337,340,342,342,393,363,373,405,421,423,442,552,430,435,462,474,475,475,716,869,869,945,1455,1456,1574,1730,1801,1843,1850,1851,1851,1868
Waller,"58,002",0,0,0,0,0,0,0,0,0,0,0,0,0,0,0,0,0,0,0,0,0,0,3,3,3,3,5,7,8,8,9,11,11,12,13,14,15,16,18,20,22,23,22,24,24,24,27,25,25,28,29,29,31,30,32,33,33,33,33,33,36,37,36,38,37,37,38,37,37,38,39,40,40,43,45,45,45,47,49,53,53,56,55,56,57,57,62,63,63,64,65,68,72,72,77
Ward,"11,213",0,0,0,0,0,0,0,0,0,0,0,0,0,0,0,0,0,0,0,0,0,0,0,0,0,0,0,0,0,0,0,0,0,0,0,0,0,0,0,0,0,0,0,0,0,0,0,0,0,0,0,0,0,0,0,0,0,0,0,0,0,0,0,0,0,0,0,0,0,0,0,0,0,0,0,0,0,1,1,1,1,1,1,1,1,1,1,1,1,1,1,1,1,1,2
Washington,"37,673",0,0,0,0,0,0,0,0,0,0,0,0,0,0,0,0,0,0,0,0,0,5,5,8,8,17,17,17,17,17,17,21,23,28,34,36,37,37,37,41,46,47,50,52,61,67,71,77,78,103,113,113,136,140,142,144,145,145,145,147,150,153,156,164,164,164,170,175,175,179,181,181,181,184,186,187,189,193,193,193,193,196,197,198,202,202,202,205,204,206,206,206,207,207,208
Webb,"317,733",0,0,0,0,0,0,0,0,0,0,1,1,1,1,3,4,4,5,8,10,13,19,25,32,37,45,57,65,83,98,106,122,135,155,166,171,191,196,206,223,239,245,253,267,280,281,295,302,321,338,340,345,346,349,358,363,368,385,391,396,400,410,414,424,434,435,437,444,445,451,469,477,477,479,492,498,500,502,511,516,516,521,524,535,540,546,548,551,552,565,574,594,594,594,608
Wharton,"43,271",0,0,0,0,0,0,0,0,0,0,0,0,0,0,0,0,0,0,3,3,3,3,6,6,6,7,9,9,9,9,12,17,17,18,20,23,26,27,28,31,32,32,34,34,34,36,36,36,36,36,37,36,36,36,37,37,37,37,39,40,40,40,41,41,41,41,42,42,42,42,42,42,43,44,46,45,44,44,45,50,55,56,57,57,57,58,58,64,68,70,73,75,76,76,84
Wheeler,"5,934",0,0,0,0,0,0,0,0,0,0,0,0,0,0,0,0,0,0,0,0,0,0,0,0,0,0,0,0,0,0,0,0,0,0,0,0,0,0,0,0,0,0,0,0,0,0,1,1,3,3,5,5,5,7,7,7,8,9,9,11,12,12,13,13,14,14,14,14,14,14,14,14,14,14,15,15,15,15,15,15,15,15,15,15,15,15,15,15,15,15,15,15,15,15,15
Wichita,"133,363",0,0,0,0,0,0,0,0,0,0,0,0,0,1,3,3,4,5,5,8,12,15,26,28,30,38,38,44,46,46,47,48,48,50,53,54,56,56,56,56,57,57,58,59,60,60,62,62,62,62,62,62,63,64,65,65,65,65,65,68,70,70,71,74,75,75,75,76,77,78,78,78,78,80,82,82,82,82,82,82,82,84,84,84,84,84,84,85,85,85,87,87,87,87,90
Wilbarger,"14,897",0,0,0,0,0,0,0,0,0,0,0,0,0,0,0,0,0,0,0,0,0,0,0,0,0,0,0,0,0,0,0,0,0,0,0,0,0,0,1,1,1,1,1,1,1,1,1,1,1,1,1,1,1,1,1,1,1,1,1,1,2,2,2,2,2,2,2,2,2,5,5,5,5,6,6,6,6,6,6,6,6,6,6,7,7,7,7,7,7,7,7,7,7,7,7
Willacy,"26,817",0,0,0,0,0,0,0,0,0,0,0,0,0,0,0,0,0,0,0,0,1,1,2,2,2,2,3,5,5,5,5,5,7,5,5,5,5,5,5,6,7,7,8,8,8,9,10,10,10,13,13,13,13,13,13,13,13,13,13,13,13,14,14,14,14,14,14,14,14,14,14,14,14,14,15,15,14,14,14,14,14,15,14,15,16,16,18,21,21,21,26,35,37,37,42
Williamson,"633,783",0,0,0,0,0,0,0,0,0,0,0,0,2,8,8,9,13,14,19,22,27,34,37,37,42,50,55,63,71,76,77,81,87,97,103,110,113,117,119,124,128,140,146,151,155,156,158,167,182,206,211,262,287,287,293,301,306,313,323,328,333,341,352,361,368,377,380,397,424,442,451,463,481,486,501,513,520,528,541,553,565,584,588,596,605,612,621,630,636,649,660,672,684,691,698
Wilson,"57,292",0,0,0,0,0,0,0,0,0,0,0,0,0,0,0,0,0,0,1,1,1,2,2,2,3,5,5,6,6,6,6,7,8,9,10,10,11,11,11,12,13,19,19,21,21,22,23,25,25,26,29,29,29,31,32,32,33,33,33,34,34,34,34,34,35,36,36,36,36,36,36,36,36,37,37,38,38,38,38,38,38,38,38,38,38,38,38,40,41,41,44,44,45,45,45
Winkler,"8,371",0,0,0,0,0,0,0,0,0,0,0,0,0,0,0,0,0,0,0,0,0,0,0,0,0,0,0,0,0,0,0,0,0,0,1,1,1,1,1,2,2,3,3,3,3,3,3,3,3,3,3,3,3,3,3,3,3,3,3,3,3,3,3,3,3,3,3,3,3,3,3,3,3,3,3,3,3,3,3,3,3,3,3,3,3,3,3,3,3,3,3,3,3,3,3
Wise,"74,490",0,0,0,0,0,0,0,0,0,0,0,0,0,0,0,0,0,0,0,0,0,0,0,1,1,3,3,3,3,3,3,3,3,3,4,5,5,5,5,7,7,8,9,9,9,12,13,14,14,15,15,15,15,17,17,17,24,24,26,27,28,28,28,30,30,30,31,35,36,36,36,36,36,38,38,42,42,42,42,42,45,45,45,45,46,46,46,47,47,50,52,52,52,52,53
Wood,"48,594",0,0,0,0,0,0,0,0,0,0,0,0,0,0,0,0,0,0,0,0,0,0,0,0,0,1,1,1,1,2,3,4,4,4,5,5,5,5,6,6,6,6,6,6,6,6,6,6,7,7,7,7,7,7,8,9,10,10,10,11,11,11,13,13,14,14,15,15,15,17,18,18,18,22,22,22,22,23,23,23,23,25,26,27,29,29,29,33,38,40,40,49,49,49,51
Yoakum,"9,591",0,0,0,0,0,0,0,0,0,0,0,0,0,0,0,0,0,0,0,0,0,0,0,0,0,0,0,0,0,0,0,0,0,0,0,0,0,0,0,0,0,0,1,1,1,1,1,1,1,1,1,1,1,1,1,1,1,1,1,2,2,2,2,2,2,2,2,2,2,2,2,2,2,2,3,3,3,3,3,3,3,3,3,3,3,3,3,3,3,3,3,3,3,3,5
Young,"19,914",0,0,0,0,0,0,0,0,0,0,0,0,0,0,0,0,0,0,0,0,1,1,1,1,1,3,3,3,3,3,3,3,3,3,3,3,3,3,3,4,4,4,4,4,4,4,4,4,4,4,4,4,4,4,4,4,4,4,4,4,4,4,4,4,4,4,4,4,4,4,4,4,4,4,4,4,4,4,4,4,4,4,4,4,4,4,4,4,4,4,6,6,6,6,6
Zapata,"17,043",0,0,0,0,0,0,0,0,0,0,0,0,0,0,0,0,0,0,0,0,0,0,0,0,0,0,0,0,0,0,0,1,1,3,3,3,3,3,3,4,4,6,6,6,6,6,7,7,7,7,7,7,7,7,7,7,7,7,7,7,7,7,7,7,7,7,7,7,7,7,7,7,7,7,8,8,8,8,8,8,8,8,8,8,9,9,9,10,11,11,11,11,12,12,12
Zavala,"12,895",0,0,0,0,0,0,0,0,0,0,0,0,0,0,0,0,0,0,0,0,0,0,0,0,0,0,0,0,0,0,0,0,0,0,0,0,0,0,0,0,0,1,1,1,1,1,1,1,1,1,1,1,1,1,1,1,1,1,1,1,1,1,1,2,2,2,7,9,9,9,9,9,9,9,10,11,11,11,11,11,11,11,11,11,11,11,11,12,12,12,12,12,12,12,12
Total,"30,541,978",0,0,5,12,15,18,22,22,56,56,63,82,108,175,235,263,287,712,975,1394,1731,2048,2552,2874,3266,3996,4665,5324,6112,6793,7273,8261,9353,10230,11671,12561,13484,13906,14624,15492,16455,17371,18260,18923,19458,20196,21069,21944,22806,23773,24631,25297,26171,27054,28087,29229,30522,31548,32332,33369,34422,35390,36609,37860,38869,39869,41048,42403,43851,45198,46999,47784,48693,49912,51323,52268,53449,54509,55348,55971,56560,57921,59776,61006,62338,64287,64880,66568,68271,69920,71613,73553,74978,75616,77253