county,population,3/4/20,3/5/20,3/6/20,3/9/20,3/10/20,3/11/20,3/12/20,3/13/20,3/15/20,3/16/20,3/17/20,3/18/20,3/19/20,3/20/20,3/21/20,3/22/20,3/23/20,3/24/20,3/25/20,3/26/20,3/27/20,3/28/20,3/29/20,3/30/20,3/31/20,4/1/20,4/2/20,4/3/20,4/4/20,4/5/20,4/6/20,4/7/20,4/8/20,4/9/20,4/10/20,4/11/20,4/12/20,4/13/20,4/14/20,4/15/20,4/16/20,4/17/20,4/18/20,4/19/20,4/20/20
Anderson,"62,245",0,0,0,0,0,0,0,0,0,0,0,0,0,0,0,0,0,0,0,0,0,0,0,0,0,1,1,1,1,1,1,1,1,2,2,3,3,3,3,4,6,6,6,8,8
Andrews,"17,487",0,0,0,0,0,0,0,0,0,0,0,0,0,0,0,0,0,0,0,0,0,0,0,0,0,0,0,0,1,6,6,10,10,10,11,11,11,12,13,13,19,19,19,19,19
Angelina,"94,245",0,0,0,0,0,0,0,0,0,0,0,0,0,0,0,0,0,0,0,1,1,1,3,3,4,5,5,8,10,10,14,14,14,15,16,16,16,16,17,17,20,23,23,23,23
Aransas,"26,041",0,0,0,0,0,0,0,0,0,0,0,0,0,0,0,0,0,0,0,0,0,0,0,0,0,0,0,0,0,1,1,1,2,2,2,2,2,2,2,2,2,2,2,2,2
Archer,"9,847",0,0,0,0,0,0,0,0,0,0,0,0,0,0,0,0,0,0,0,0,0,0,0,0,0,0,0,0,0,0,0,0,0,0,0,0,0,0,0,0,0,0,0,0,0
Armstrong,"1,970",0,0,0,0,0,0,0,0,0,0,0,0,0,0,0,0,0,0,0,0,0,0,0,0,0,0,0,0,0,0,0,0,0,0,0,0,0,0,1,1,1,1,1,1,1
Atascosa,"55,946",0,0,0,0,0,0,0,0,0,0,0,0,0,0,0,0,0,0,2,2,2,2,2,2,2,2,2,2,2,2,3,4,5,5,7,8,9,9,9,9,9,9,10,10,12
Austin,"36,542",0,0,0,0,0,0,0,0,0,0,0,0,0,0,0,0,0,0,1,1,1,1,2,2,2,2,4,4,4,5,5,6,7,7,8,8,10,11,12,12,12,12,12,12,12
Bailey,"8,426",0,0,0,0,0,0,0,0,0,0,0,0,0,0,0,0,0,0,0,0,0,0,0,0,0,0,0,0,0,0,0,0,0,0,0,0,0,0,0,0,0,0,0,0,0
Bandera,"25,100",0,0,0,0,0,0,0,0,0,0,0,0,0,0,0,0,0,0,0,0,0,0,0,0,0,0,0,0,0,0,0,0,0,1,1,2,2,2,2,2,3,4,4,4,4
Bastrop,"100,746",0,0,0,0,0,0,0,0,0,0,0,0,0,0,0,0,0,0,1,2,2,4,5,6,6,7,7,7,7,9,11,15,17,16,19,20,19,19,19,32,37,42,42,43,44
Baylor,"3,715",0,0,0,0,0,0,0,0,0,0,0,0,0,0,0,0,0,0,0,0,0,0,0,0,0,0,0,0,0,0,0,0,0,0,0,0,0,0,0,0,0,0,0,0,0
Bee,"33,428",0,0,0,0,0,0,0,0,0,0,0,0,0,0,0,0,0,0,0,0,0,0,0,0,0,0,0,0,0,0,0,0,1,1,1,2,2,2,3,3,3,5,5,5,5
Bell,"394,509",0,0,0,0,0,0,0,0,1,1,1,1,1,2,3,3,3,16,18,19,20,28,28,28,36,44,46,51,51,58,58,68,71,74,84,91,101,101,107,110,115,124,126,126,126
Bexar,"2,062,088",0,0,0,0,0,0,0,0,3,3,3,4,6,12,24,24,24,57,69,84,113,125,140,157,168,207,229,254,342,384,410,456,503,554,615,665,723,772,794,815,890,918,959,992,1015
Blanco,"13,018",0,0,0,0,0,0,0,0,0,0,0,0,0,0,0,0,0,1,1,1,1,1,1,1,1,1,1,1,2,2,1,4,4,4,4,4,4,4,4,4,4,5,4,4,4
Borden,698,0,0,0,0,0,0,0,0,0,0,0,0,0,0,0,0,0,0,0,0,0,0,0,0,0,0,0,0,0,0,0,0,0,0,0,0,0,0,0,0,0,0,0,0,0
Bosque,"20,522",0,0,0,0,0,0,0,0,0,0,0,0,0,0,0,0,0,0,0,0,0,0,0,0,0,0,0,0,0,0,0,0,0,0,0,0,0,0,0,1,1,1,1,1,1
Bowie,"95,118",0,0,0,0,0,0,0,0,0,0,0,1,1,1,1,1,1,1,1,1,2,3,3,4,9,9,9,10,17,17,14,17,20,23,29,30,32,32,32,37,45,53,56,57,57
Brazoria,"410,571",0,0,0,0,0,0,0,0,2,2,2,2,2,3,9,12,12,18,19,33,39,52,61,61,79,95,109,123,136,144,144,167,173,184,199,216,225,237,250,259,272,285,302,304,315
Brazos,"239,527",0,0,0,0,0,0,0,0,0,0,0,1,1,2,2,2,2,12,16,21,30,36,40,44,46,53,63,68,72,75,94,94,97,108,114,116,134,140,143,149,151,158,164,169,170
Brewster,"10,226",0,0,0,0,0,0,0,0,0,0,0,0,0,0,0,0,0,0,0,0,0,0,0,0,0,0,0,0,0,0,0,0,0,0,0,0,0,0,0,0,0,0,0,0,0
Briscoe,"1,672",0,0,0,0,0,0,0,0,0,0,0,0,0,0,0,0,0,0,0,0,0,0,0,0,0,0,0,0,0,0,0,0,0,0,0,0,0,0,0,0,0,0,0,0,0
Brooks,"7,619",0,0,0,0,0,0,0,0,0,0,0,0,0,0,0,0,0,0,0,0,0,0,0,0,0,0,0,0,0,0,0,0,0,0,0,0,0,0,0,0,0,0,0,0,0
Brown,"40,617",0,0,0,0,0,0,0,0,0,0,0,0,0,0,1,1,1,2,2,3,3,3,3,3,3,3,3,4,4,5,6,6,6,8,8,10,10,10,11,11,12,12,12,13,13
Burleson,"19,763",0,0,0,0,0,0,0,0,0,0,0,0,0,0,0,0,0,0,0,0,0,1,1,1,1,1,1,1,2,2,2,5,5,5,6,6,6,6,6,8,8,9,8,8,8
Burnet,"52,456",0,0,0,0,0,0,0,0,0,0,0,0,0,0,0,0,0,1,1,1,1,1,1,2,2,3,4,4,4,4,4,5,5,5,6,6,6,6,6,7,7,8,8,8,9
Caldwell,"49,202",0,0,0,0,0,0,0,0,0,0,0,0,0,0,0,0,0,0,0,0,0,1,1,1,1,1,1,2,3,3,4,5,5,5,6,6,6,6,6,6,7,7,7,7,8
Calhoun,"25,263",0,0,0,0,0,0,0,0,0,0,0,0,0,0,0,0,0,0,0,2,2,3,3,3,3,7,8,8,8,11,12,12,12,13,14,14,15,15,19,19,19,21,21,21,21
Callahan,"14,768",0,0,0,0,0,0,0,0,0,0,0,0,0,0,0,0,0,0,0,0,0,0,0,0,0,0,0,0,0,0,0,1,1,1,1,1,1,1,1,1,1,1,1,1,1
Cameron,"493,571",0,0,0,0,0,0,0,0,0,0,0,0,0,1,1,6,6,6,6,7,10,13,20,20,26,26,37,55,62,77,87,101,108,118,147,159,195,195,216,239,254,270,279,298,298
Camp,"14,442",0,0,0,0,0,0,0,0,0,0,0,0,0,0,0,0,0,0,0,0,0,0,0,0,0,1,1,1,1,1,1,2,2,3,3,3,3,3,5,5,6,6,6,6,6
Carson,"6,526",0,0,0,0,0,0,0,0,0,0,0,0,0,0,0,0,0,0,0,0,0,0,0,0,0,0,0,0,0,0,0,0,0,0,0,0,0,0,0,0,0,0,1,1,1
Cass,"32,050",0,0,0,0,0,0,0,0,0,0,0,0,0,0,0,0,0,1,1,1,1,2,2,2,2,3,4,4,4,4,3,4,4,4,4,4,5,5,5,5,5,5,10,11,11
Castro,"8,901",0,0,0,0,0,0,0,0,0,0,0,0,0,0,1,1,2,2,3,6,7,8,8,8,8,8,8,9,10,10,10,10,10,10,10,10,11,11,11,11,11,11,11,11,11
Chambers,"47,621",0,0,0,0,0,0,0,0,0,0,0,0,0,0,1,1,1,2,2,2,2,3,3,5,8,9,9,11,11,11,11,17,19,22,24,24,29,29,29,31,33,34,35,35,35
Cherokee,"57,663",0,0,0,0,0,0,0,0,0,0,0,0,0,0,0,0,0,0,0,0,1,1,1,1,2,4,5,5,5,5,5,6,6,6,6,6,6,6,7,7,8,8,8,8,8
Childress,"7,460",0,0,0,0,0,0,0,0,0,0,0,0,0,0,0,0,0,0,0,0,0,0,0,0,0,0,0,0,0,0,0,0,0,0,0,0,0,0,0,0,0,0,0,1,1
Clay,"11,655",0,0,0,0,0,0,0,0,0,0,0,0,0,0,0,0,0,0,0,0,0,0,0,0,0,1,1,1,1,1,1,1,1,1,1,2,2,2,2,3,3,3,3,3,3
Cochran,"3,458",0,0,0,0,0,0,0,0,0,0,0,0,0,0,0,0,0,0,0,0,0,0,0,0,0,0,0,0,0,0,0,0,0,0,0,0,0,0,0,0,0,0,0,0,0
Coke,"3,095",0,0,0,0,0,0,0,0,0,0,0,0,0,0,0,0,0,0,0,0,0,0,0,0,0,0,0,0,0,0,0,0,0,0,0,0,0,0,0,0,0,0,0,0,0
Coleman,"9,274",0,0,0,0,0,0,0,0,0,0,0,0,0,0,0,0,0,0,0,0,0,0,0,0,0,0,0,0,0,0,0,0,0,0,0,0,0,0,0,0,0,0,0,0,0
Collin,"1,150,398",0,0,0,1,3,3,3,3,6,6,6,6,7,12,14,21,24,38,45,53,88,118,128,134,160,184,184,227,256,256,287,306,343,378,406,425,441,453,472,477,494,505,521,522,527
Collingsworth,"3,243",0,0,0,0,0,0,0,0,0,0,0,0,0,0,0,0,0,0,0,0,0,0,0,0,0,0,0,0,0,0,0,0,0,0,0,0,0,0,0,0,0,0,0,0,0
Colorado,"22,688",0,0,0,0,0,0,0,0,0,0,0,0,0,0,0,0,0,0,0,0,0,0,0,0,0,2,2,2,2,2,2,3,6,6,6,7,7,7,7,7,7,7,8,8,8
Comal,"150,366",0,0,0,0,0,0,0,0,0,0,0,0,0,0,0,3,3,4,5,7,9,9,9,9,11,11,12,18,18,21,21,22,27,29,34,37,37,37,38,39,43,43,43,43,43
Comanche,"14,855",0,0,0,0,0,0,0,0,0,0,0,0,0,0,0,0,0,0,0,0,0,0,0,0,0,1,1,1,1,1,1,3,3,3,3,3,3,3,3,3,3,3,3,3,3
Concho,"4,299",0,0,0,0,0,0,0,0,0,0,0,0,0,0,0,0,0,0,0,0,0,0,0,0,0,0,0,0,0,0,0,0,0,0,1,1,1,1,1,1,1,1,1,1,1
Cooke,"41,744",0,0,0,0,0,0,0,0,0,0,0,0,0,0,0,0,0,0,0,0,0,0,0,0,0,0,0,0,0,0,0,0,0,0,1,1,1,1,1,2,2,2,3,3,3
Coryell,"86,638",0,0,0,0,0,0,0,0,0,0,0,0,0,0,0,0,0,1,1,1,1,1,1,1,1,1,1,2,4,5,8,11,12,17,18,34,34,34,34,60,70,71,75,75,75
Cottle,"1,578",0,0,0,0,0,0,0,0,0,0,0,0,0,0,0,0,0,0,0,0,0,0,0,0,0,0,0,0,0,0,0,0,0,0,0,0,0,0,0,0,0,0,0,0,0
Crane,"5,349",0,0,0,0,0,0,0,0,0,0,0,0,0,1,1,1,1,1,1,1,1,1,1,1,1,2,2,2,2,2,2,2,2,2,2,2,2,2,2,2,2,2,2,2,2
Crockett,"4,082",0,0,0,0,0,0,0,0,0,0,0,0,0,0,0,0,0,0,0,0,0,0,0,0,0,0,0,0,0,0,0,0,0,0,0,0,0,0,0,0,0,0,0,0,0
Crosby,"7,247",0,0,0,0,0,0,0,0,0,0,0,0,0,0,0,0,0,0,0,0,0,0,0,0,0,0,0,0,0,0,1,1,1,1,1,1,1,1,1,1,1,1,1,1,1
Culberson,"2,722",0,0,0,0,0,0,0,0,0,0,0,0,0,0,0,0,0,0,0,0,0,0,0,0,0,0,0,0,0,0,0,0,0,0,0,0,0,0,0,0,0,0,0,0,0
Dallam,"8,054",0,0,0,0,0,0,0,0,0,0,0,0,0,0,0,0,0,0,0,0,0,0,0,0,0,0,0,0,0,0,1,1,1,1,1,1,1,1,2,2,2,3,3,3,2
Dallas,"2,639,966",0,0,0,0,0,2,3,3,8,8,9,15,20,22,30,30,33,131,169,303,367,367,439,488,549,631,731,831,921,1015,1112,1155,1261,1324,1432,1537,1644,1723,1788,1877,1986,2066,2190,2324,2428
Dawson,"14,756",0,0,0,0,0,0,0,0,0,0,0,0,0,0,0,0,0,0,0,0,0,0,1,1,3,3,3,3,3,3,3,5,5,5,5,6,6,8,8,8,8,12,12,12,13
Deaf Smith,"22,599",0,0,0,0,0,0,0,0,0,0,0,0,0,0,1,1,1,2,2,2,2,2,2,2,2,2,2,3,5,5,7,7,7,7,7,7,7,8,11,11,11,11,11,12,12
Delta,"5,805",0,0,0,0,0,0,0,0,0,0,0,0,0,0,0,0,0,0,0,0,0,0,0,0,0,0,0,0,0,0,0,0,1,1,1,1,1,1,1,1,1,1,1,1,1
Denton,"943,020",0,0,0,0,0,0,0,0,0,0,1,4,4,6,11,12,12,30,30,70,83,137,148,165,191,206,231,254,273,288,304,337,366,398,426,454,474,482,507,521,547,564,585,592,593
DeWitt,"20,937",0,0,0,0,0,0,0,0,0,0,0,0,1,1,1,1,1,1,1,2,3,3,3,3,3,4,4,6,6,7,7,7,7,8,8,9,9,9,10,10,10,10,13,13,13
Dickens,"2,482",0,0,0,0,0,0,0,0,0,0,0,0,0,0,0,0,0,0,0,0,0,0,0,0,0,0,0,0,0,0,0,0,1,1,1,2,2,1,1,1,1,1,1,1,1
Dimmit,"10,870",0,0,0,0,0,0,0,0,0,0,0,0,0,0,0,0,0,0,0,0,0,0,0,0,0,0,0,0,0,0,0,0,0,0,0,1,1,1,1,1,1,1,1,1,1
Donley,"3,873",0,0,0,0,0,0,0,0,0,0,0,0,0,0,0,0,0,0,0,0,0,0,0,0,0,0,1,5,5,7,7,7,13,14,21,23,22,22,22,22,23,23,23,23,23
Duval,"12,596",0,0,0,0,0,0,0,0,0,0,0,0,0,0,0,0,0,0,0,0,0,0,0,0,0,0,0,0,0,0,0,0,0,0,0,0,0,0,1,1,1,1,1,1,1
Eastland,"19,857",0,0,0,0,0,0,0,0,0,0,0,0,0,0,0,0,0,2,2,2,2,3,3,3,3,3,3,3,3,3,3,3,3,3,3,3,3,3,3,3,3,3,3,3,3
Ector,"159,521",0,0,0,0,0,0,0,0,0,0,0,0,0,0,0,0,0,0,0,0,0,0,1,3,7,11,12,15,22,22,26,30,30,34,39,40,41,43,45,46,48,55,58,58,58
Edwards,"2,174",0,0,0,0,0,0,0,0,0,0,0,0,0,0,0,0,0,0,0,0,0,0,0,0,0,0,0,0,0,0,0,0,0,0,0,0,0,0,0,0,0,0,0,0,0
Ellis,"200,285",0,0,0,0,0,0,0,0,0,0,0,0,0,2,2,3,3,5,6,6,10,13,13,15,16,20,26,27,29,29,29,35,41,50,58,66,66,66,72,76,81,82,83,83,90
El Paso,"952,366",0,0,0,0,0,0,0,0,1,1,3,3,3,3,6,6,6,7,11,21,21,31,35,40,46,50,68,78,96,106,115,125,153,192,225,252,269,292,300,346,393,451,482,505,531
Erath,"41,649",0,0,0,0,0,0,0,0,0,0,0,0,0,0,0,0,0,1,1,1,1,1,1,1,1,2,2,3,7,7,7,8,9,10,10,12,12,12,12,12,12,12,12,12,12
Falls,"19,236",0,0,0,0,0,0,0,0,0,0,0,0,0,0,0,0,1,1,1,1,1,1,1,1,1,1,1,1,1,1,1,1,1,1,1,1,1,1,1,1,1,1,1,1,1
Fannin,"37,727",0,0,0,0,0,0,0,0,0,0,0,0,0,1,1,1,1,1,1,1,1,1,1,1,1,1,1,2,2,2,2,2,4,4,5,5,5,5,5,5,5,5,7,7,8
Fayette,"28,422",0,0,0,0,0,0,0,0,0,0,0,0,0,0,0,0,0,1,1,1,1,1,1,2,2,4,4,10,10,11,9,9,9,8,9,9,10,10,10,12,13,15,15,15,15
Fisher,"3,913",0,0,0,0,0,0,0,0,0,0,0,0,0,0,0,0,0,0,0,0,0,0,0,0,0,0,0,0,0,0,0,0,0,0,0,0,0,0,0,0,0,0,0,0,0
Floyd,"6,688",0,0,0,0,0,0,0,0,0,0,0,0,0,0,0,0,0,0,0,0,0,0,0,0,0,0,0,0,0,0,0,0,1,1,1,1,1,1,1,2,2,2,2,2,2
Foard,"1,365",0,0,0,0,0,0,0,0,0,0,0,0,0,0,0,0,0,0,0,0,0,0,0,0,0,0,0,0,0,0,0,0,0,0,0,0,0,0,0,0,0,0,0,0,0
Fort Bend,"888,595",0,0,1,6,6,6,6,6,9,9,9,9,9,11,11,11,11,29,46,54,86,101,101,119,119,163,194,221,255,268,280,318,417,437,485,518,536,536,543,627,627,656,755,755,783
Franklin,"11,838",0,0,0,0,0,0,0,0,0,0,0,0,0,0,0,0,0,0,0,0,0,0,1,1,1,1,1,1,1,1,1,1,1,1,1,1,1,1,1,1,1,1,1,1,1
Freestone,"21,997",0,0,0,0,0,0,0,0,0,0,0,0,0,0,0,0,0,0,0,0,0,0,0,0,0,0,0,0,0,0,0,0,0,0,0,0,0,0,0,1,1,1,3,3,3
Frio,"20,080",0,0,0,0,0,0,0,0,0,0,0,0,0,0,0,0,0,0,0,0,0,0,0,0,0,0,0,0,0,0,0,0,1,1,1,1,1,1,1,1,1,1,1,1,1
Gaines,"21,681",0,0,0,0,0,0,0,0,0,0,0,0,0,0,0,0,0,0,1,1,1,1,1,1,1,1,1,1,1,1,1,1,1,1,1,1,1,2,2,2,2,2,2,2,2
Galveston,"335,006",0,0,0,0,0,0,0,0,1,1,1,2,2,4,6,9,15,18,21,27,40,49,49,70,92,106,118,130,136,222,240,256,272,287,308,341,355,355,377,392,401,421,438,450,455
Garza,"6,969",0,0,0,0,0,0,0,0,0,0,0,0,0,0,0,0,0,0,0,0,0,0,0,0,0,0,0,0,0,0,0,0,0,0,0,0,0,0,0,0,0,0,0,0,0
Gillespie,"29,929",0,0,0,0,0,0,0,0,0,0,0,0,0,0,0,0,0,0,0,0,0,0,0,0,0,0,1,1,1,1,1,1,1,1,1,1,1,1,1,1,1,1,1,1,1
Glasscock,"1,351",0,0,0,0,0,0,0,0,0,0,0,0,0,0,0,0,0,0,0,0,0,0,0,0,0,0,0,0,0,0,0,0,0,0,0,0,0,0,0,0,0,0,0,0,0
Goliad,"8,518",0,0,0,0,0,0,0,0,0,0,0,0,0,0,0,0,0,0,0,0,0,0,0,0,0,0,1,1,1,1,3,3,3,3,4,4,4,4,4,5,5,5,5,5,5
Gonzales,"22,345",0,0,0,0,0,0,0,0,0,0,0,0,0,0,0,0,0,0,0,0,0,0,0,0,0,1,1,1,1,1,1,1,1,2,2,2,2,2,2,2,2,2,2,2,2
Gray,"24,928",0,0,0,0,0,0,0,0,0,0,0,0,0,0,0,0,0,0,0,0,0,0,0,0,0,1,1,1,5,5,9,9,11,12,12,13,13,13,13,13,16,16,17,17,17
Grayson,"133,647",0,0,0,0,0,0,0,0,0,0,0,0,0,0,0,0,0,1,2,2,2,2,3,6,7,8,11,12,12,12,13,14,15,15,17,17,17,17,17,19,19,19,19,19,19
Gregg,"136,671",0,0,0,0,1,1,1,1,1,1,1,1,1,1,1,1,1,1,1,3,4,4,4,5,5,6,7,8,13,13,10,20,22,35,37,39,39,39,45,46,48,48,50,51,51
Grimes,"30,863",0,0,0,0,0,0,0,0,0,0,0,0,0,0,0,0,0,2,2,2,2,2,2,2,3,3,3,3,3,3,3,4,6,5,6,6,7,7,7,7,9,10,10,10,10
Guadalupe,"182,526",0,0,0,0,0,0,0,0,0,0,0,0,0,0,0,0,0,0,4,8,8,8,10,13,15,17,20,23,26,28,28,39,45,46,47,47,49,49,50,50,53,53,53,57,58
Hale,"38,415",0,0,0,0,0,0,0,0,0,0,0,0,0,0,0,0,0,0,0,0,1,1,1,1,1,1,1,6,6,7,7,7,7,9,9,11,11,11,11,11,11,11,11,12,12
Hall,"3,320",0,0,0,0,0,0,0,0,0,0,0,0,0,0,0,0,0,0,0,0,0,0,0,0,0,0,0,0,0,0,0,0,0,0,0,0,0,0,0,0,0,0,0,0,0
Hamilton,"8,802",0,0,0,0,0,0,0,0,0,0,0,0,0,0,0,0,0,0,0,0,0,0,0,0,0,0,0,0,0,0,0,1,1,1,1,2,2,2,2,3,3,5,5,5,5
Hansford,"6,513",0,0,0,0,0,0,0,0,0,0,0,0,0,0,0,0,0,0,0,0,0,0,0,0,0,0,0,0,0,0,1,1,1,1,1,1,1,1,1,1,1,1,1,1,1
Hardeman,"4,456",0,0,0,0,0,0,0,0,0,0,0,0,0,0,0,0,0,0,0,0,0,0,0,0,0,0,0,0,0,0,0,0,0,0,0,0,0,0,0,0,0,0,0,0,0
Hardin,"62,163",0,0,0,0,0,0,0,0,0,0,0,0,0,0,0,0,0,0,2,2,4,6,9,9,12,13,14,14,14,26,26,28,41,41,41,47,61,61,61,65,66,67,67,73,73
Harris,"4,885,616",0,0,4,5,5,5,7,7,10,10,10,10,10,24,26,27,27,54,134,185,203,229,445,526,563,680,847,955,1106,1284,1395,1809,2146,2341,3047,3261,3561,3629,3747,3907,4097,4306,4460,4653,4823
Harrison,"72,253",0,0,0,0,0,0,0,0,0,0,0,0,0,0,0,0,0,0,0,0,1,1,1,1,1,3,5,5,5,6,8,10,10,12,12,12,16,16,20,34,35,40,42,44,47
Hartley,"6,321",0,0,0,0,0,0,0,0,0,0,0,0,0,0,0,0,0,0,0,0,0,0,0,0,0,0,0,0,0,0,0,0,0,0,0,0,0,0,0,0,0,0,0,0,1
Haskell,"6,072",0,0,0,0,0,0,0,0,0,0,0,0,0,0,0,0,0,0,0,0,0,0,0,0,0,0,0,0,0,0,0,0,0,0,0,0,0,0,0,0,0,0,0,0,0
Hays,"246,119",0,0,0,0,0,0,0,0,1,1,1,1,3,4,5,6,6,7,7,9,13,13,13,16,24,38,42,45,47,50,54,59,61,77,79,82,82,82,82,93,109,109,109,109,109
Hemphill,"4,389",0,0,0,0,0,0,0,0,0,0,0,0,0,0,0,0,0,0,0,0,0,0,0,0,0,0,0,0,1,1,1,1,1,1,1,1,1,1,1,1,1,1,1,1,1
Henderson,"84,178",0,0,0,0,0,0,0,0,0,0,0,0,0,0,0,0,0,0,0,0,0,0,0,0,0,1,1,1,1,1,1,1,4,6,8,10,10,10,10,11,12,12,13,13,13
Hidalgo,"1,005,539",0,0,0,0,0,0,0,0,0,0,0,0,0,0,0,0,2,2,2,7,11,18,27,28,38,46,62,79,86,86,99,113,113,139,146,181,188,190,198,217,225,235,242,255,261
Hill,"39,349",0,0,0,0,0,0,0,0,0,0,0,0,0,0,0,0,0,0,0,0,0,0,0,1,1,2,3,3,5,5,5,5,6,6,8,8,8,8,8,8,9,10,10,10,10
Hockley,"24,916",0,0,0,0,0,0,0,0,0,0,0,0,0,1,2,2,3,3,3,5,5,7,7,7,7,7,7,7,7,10,10,10,10,12,12,13,14,14,14,15,15,15,15,16,16
Hood,"61,274",0,0,0,0,0,0,0,0,0,0,0,0,0,0,0,0,0,0,0,0,2,2,2,3,6,6,6,8,9,9,9,10,10,11,12,13,13,13,15,15,15,15,15,15,15
Hopkins,"38,504",0,0,0,0,0,0,0,0,0,0,0,0,0,0,0,0,0,1,1,1,1,1,1,2,2,3,3,3,3,4,4,4,4,4,4,4,4,4,4,4,4,4,4,4,4
Houston,"25,147",0,0,0,0,0,0,0,0,0,0,0,0,0,0,0,0,0,0,0,0,0,0,0,0,0,0,0,0,0,0,0,0,0,0,0,0,0,0,0,0,0,0,0,1,1
Howard,"37,715",0,0,0,0,0,0,0,0,0,0,0,0,0,0,0,0,0,0,0,0,0,0,0,0,0,0,0,0,0,0,0,0,0,0,1,1,1,1,1,1,1,1,1,1,1
Hudspeth,"3,981",0,0,0,0,0,0,0,0,0,0,0,0,0,0,0,0,0,0,0,0,0,0,0,0,0,0,0,0,0,0,0,0,0,0,0,0,0,0,0,0,0,0,0,0,0
Hunt,"101,894",0,0,0,0,0,0,0,0,0,0,0,0,0,0,0,0,0,1,1,1,1,1,1,3,4,4,4,8,8,1,1,1,14,15,15,16,18,18,22,22,25,25,25,26,32
Hutchinson,"22,540",0,0,0,0,0,0,0,0,0,0,0,0,0,0,0,0,0,0,0,0,0,0,0,0,0,0,0,0,2,2,2,2,2,2,2,2,2,3,3,3,6,6,7,7,8
Irion,"1,712",0,0,0,0,0,0,0,0,0,0,0,0,0,0,0,0,0,0,0,0,0,0,0,0,0,0,0,0,0,0,0,0,0,0,0,0,0,0,0,0,0,0,0,0,0
Jack,"9,689",0,0,0,0,0,0,0,0,0,0,0,0,0,0,0,0,0,0,0,0,0,0,0,0,0,0,0,0,0,0,0,0,0,1,1,1,1,1,2,3,3,3,3,3,3
Jackson,"14,356",0,0,0,0,0,0,0,0,0,0,0,0,0,0,0,0,0,0,0,1,1,1,1,1,1,1,2,3,3,3,3,4,4,4,4,4,4,4,4,4,4,4,4,4,4
Jasper,"37,167",0,0,0,0,0,0,0,0,0,0,0,0,0,0,0,0,0,0,0,0,0,0,0,0,0,0,2,2,2,2,2,2,2,2,3,7,7,7,7,6,6,6,6,6,7
Jeff Davis,"2,478",0,0,0,0,0,0,0,0,0,0,0,0,0,0,0,0,0,0,0,0,0,0,0,0,0,0,0,0,0,0,0,0,0,0,0,0,0,0,0,0,0,0,0,0,0
Jefferson,"268,231",0,0,0,0,0,0,0,0,0,0,0,0,0,0,0,0,0,0,3,7,8,12,16,18,18,27,31,40,29,51,59,78,78,87,94,100,100,124,134,140,143,157,167,167,180
Jim Hogg,"5,735",0,0,0,0,0,0,0,0,0,0,0,0,0,0,0,0,0,0,0,0,0,0,0,0,0,0,0,0,0,0,0,0,0,0,0,0,0,0,0,0,0,0,0,0,0
Jim Wells,"44,487",0,0,0,0,0,0,0,0,0,0,0,0,0,0,0,0,0,0,0,0,0,0,0,0,0,0,1,1,2,2,2,2,2,2,2,2,2,2,2,2,2,2,2,2,2
Johnson,"186,847",0,0,0,0,0,0,0,0,0,0,0,0,2,2,2,2,2,3,3,3,6,8,8,8,8,12,17,18,21,21,21,24,25,25,27,28,28,28,31,34,37,37,39,39,41
Jones,"22,286",0,0,0,0,0,0,0,0,0,0,0,0,0,0,0,0,0,0,0,0,0,0,0,0,0,0,0,0,0,0,0,0,1,1,2,2,2,2,2,2,3,3,3,3,3
Karnes,"16,265",0,0,0,0,0,0,0,0,0,0,0,0,0,0,0,0,0,0,0,1,1,1,2,2,2,2,2,2,2,2,2,2,2,2,2,2,2,2,3,3,3,3,3,3,3
Kaufman,"149,063",0,0,0,0,0,0,0,0,0,0,0,0,0,0,0,0,0,2,2,2,2,2,2,3,3,4,5,9,10,10,9,14,16,19,24,26,26,28,32,33,33,38,42,42,44
Kendall,"44,958",0,0,0,0,0,0,0,0,0,0,0,0,0,0,0,0,0,0,2,3,4,6,7,7,7,7,8,8,9,10,9,9,9,9,10,10,11,11,12,14,14,14,14,14,14
Kenedy,462,0,0,0,0,0,0,0,0,0,0,0,0,0,0,0,0,0,0,0,0,0,0,0,0,0,0,0,0,0,0,0,0,0,0,0,0,0,0,0,0,0,0,0,0,0
Kent,809,0,0,0,0,0,0,0,0,0,0,0,0,0,0,0,0,0,0,0,0,0,0,0,0,0,0,0,0,0,0,0,0,0,0,0,0,0,0,0,0,0,0,0,0,0
Kerr,"57,004",0,0,0,0,0,0,0,0,0,0,0,0,0,0,0,0,0,0,0,0,0,0,0,0,0,1,1,2,2,2,2,2,2,2,2,2,2,2,2,3,4,4,4,4,4
Kimble,"5,052",0,0,0,0,0,0,0,0,0,0,0,0,0,0,0,0,0,0,0,0,0,0,0,0,0,0,0,0,0,0,0,0,0,0,0,0,0,0,0,0,0,0,0,0,0
King,299,0,0,0,0,0,0,0,0,0,0,0,0,0,0,0,0,0,0,0,0,0,0,0,0,0,0,0,0,0,0,0,0,0,0,0,0,0,0,0,0,0,0,0,0,0
Kinney,"3,816",0,0,0,0,0,0,0,0,0,0,0,0,0,0,0,0,0,0,0,0,0,0,0,0,0,0,0,0,0,0,0,0,0,0,0,0,0,0,0,0,0,0,0,0,0
Kleberg,"35,499",0,0,0,0,0,0,0,0,0,0,0,0,0,0,0,0,0,0,0,0,0,0,1,1,1,1,1,1,2,2,2,2,2,2,2,2,2,2,2,3,3,5,5,6,6
Knox,"3,762",0,0,0,0,0,0,0,0,0,0,0,0,0,0,0,0,0,0,0,0,0,0,0,0,0,0,0,0,0,0,0,1,1,1,1,1,1,1,1,1,1,1,1,1,1
Lamar,"53,136",0,0,0,0,0,0,0,0,0,0,0,0,0,0,0,0,0,1,1,1,1,3,3,3,3,3,3,3,5,5,6,6,6,8,8,8,8,8,8,7,7,7,7,7,7
Lamb,"14,620",0,0,0,0,0,0,0,0,0,0,0,0,0,0,0,0,0,0,0,0,0,1,1,1,1,1,1,1,1,1,1,1,1,1,1,1,1,1,2,2,2,2,2,2,2
Lampasas,"23,399",0,0,0,0,0,0,0,0,0,0,0,0,0,0,0,0,0,0,0,0,0,0,0,0,0,0,0,1,1,1,2,2,2,2,3,2,2,2,2,3,2,2,2,2,2
La Salle,"8,210",0,0,0,0,0,0,0,0,0,0,0,0,0,0,0,0,0,0,0,0,0,0,0,0,0,0,0,0,0,0,0,0,0,0,0,0,0,0,0,0,1,1,1,1,1
Lavaca,"19,830",0,0,0,0,0,0,0,0,1,1,1,1,1,1,1,1,1,1,1,1,1,1,1,1,1,1,1,1,2,2,2,2,3,4,4,4,4,4,4,4,4,4,4,4,4
Lee,"19,104",0,0,0,0,0,0,0,0,0,0,0,0,0,0,0,0,0,0,0,0,0,0,0,0,0,0,1,2,2,2,2,2,2,2,2,2,2,2,2,2,2,2,2,2,2
Leon,"19,495",0,0,0,0,0,0,0,0,0,0,0,0,0,0,0,0,0,0,0,0,0,0,0,1,1,2,2,2,2,2,2,2,2,2,3,3,3,3,3,4,4,5,5,5,5
Liberty,"90,780",0,0,0,0,0,0,0,0,0,0,0,0,0,0,0,0,0,0,1,1,2,2,2,2,2,3,4,5,6,6,6,12,15,15,16,17,19,19,20,23,25,25,29,32,32
Limestone,"26,085",0,0,0,0,0,0,0,0,0,0,0,0,0,0,0,0,0,1,1,1,1,1,1,2,2,2,3,3,3,3,3,6,6,7,9,11,11,11,11,11,11,11,11,11,11
Lipscomb,"3,797",0,0,0,0,0,0,0,0,0,0,0,0,0,0,0,0,0,0,0,0,0,0,0,0,0,0,0,0,0,0,0,0,0,0,0,0,0,0,0,0,0,0,0,0,0
Live Oak,"11,854",0,0,0,0,0,0,0,0,0,0,0,0,0,0,0,0,0,0,0,0,0,0,0,0,0,1,2,3,3,3,3,3,3,3,3,3,3,3,3,3,3,3,3,3,3
Llano,"21,407",0,0,0,0,0,0,0,0,0,0,0,0,0,0,0,0,0,0,1,2,2,2,2,3,3,3,3,3,3,3,2,3,3,3,3,3,3,3,3,3,3,3,3,3,3
Loving,81,0,0,0,0,0,0,0,0,0,0,0,0,0,0,0,0,0,0,0,0,0,0,0,0,0,0,0,0,0,0,0,0,0,0,0,0,0,0,0,0,0,0,0,0,0
Lubbock,"313,938",0,0,0,0,0,0,0,0,0,0,0,0,0,1,2,2,2,11,12,19,23,31,41,51,77,100,108,117,138,151,154,180,191,214,234,249,270,307,317,330,367,401,407,419,430
Lynn,"6,239",0,0,0,0,0,0,0,0,0,0,0,0,0,0,0,0,0,0,0,0,0,1,1,2,2,2,3,3,3,3,3,3,3,3,5,5,5,5,5,5,5,5,5,5,5
McCulloch,"9,040",0,0,0,0,0,0,0,0,0,0,0,0,0,0,0,0,0,0,0,0,0,0,0,0,0,0,0,0,0,0,0,0,0,1,2,3,3,3,3,3,3,3,3,3,3
McLennan,"255,521",0,0,0,0,0,0,0,0,0,0,0,0,6,7,7,7,7,20,23,28,33,34,36,36,39,44,48,49,50,51,53,56,62,62,66,68,69,71,72,74,74,76,76,76,76
McMullen,771,0,0,0,0,0,0,0,0,0,0,0,0,0,0,0,0,0,0,0,0,0,0,0,0,0,0,0,0,0,0,0,0,0,0,0,0,0,0,0,0,0,0,0,0,0
Madison,"15,654",0,0,0,0,0,0,0,0,0,0,0,0,0,0,0,0,0,0,0,0,0,0,0,0,0,0,0,0,0,0,0,0,0,0,0,0,0,0,0,1,1,1,2,2,2
Marion,"11,384",0,0,0,0,0,0,0,0,0,0,0,0,0,0,0,0,0,0,0,0,0,0,0,0,0,0,0,0,0,0,0,0,0,0,0,0,0,0,0,0,3,3,3,3,3
Martin,"5,606",0,0,0,0,0,0,0,0,0,0,0,0,0,0,0,0,0,0,0,1,1,1,1,1,1,1,1,1,1,1,2,2,2,2,2,2,2,2,2,2,2,2,2,2,2
Mason,"4,211",0,0,0,0,0,0,0,0,0,0,0,0,0,0,0,0,0,0,0,0,0,0,0,0,0,0,0,0,1,1,1,1,1,1,1,1,1,1,1,1,1,1,1,1,1
Matagorda,"39,696",0,0,0,0,0,0,0,0,1,1,1,1,3,3,3,3,3,3,6,9,9,10,12,13,13,25,29,32,33,33,37,37,38,38,38,43,46,47,49,50,50,50,51,51,51
Maverick,"63,502",0,0,0,0,0,0,0,0,0,0,0,0,0,0,0,0,0,0,1,1,1,1,1,1,1,1,3,4,4,4,5,5,7,7,8,9,9,9,10,10,10,12,12,12,12
Medina,"56,907",0,0,0,0,0,0,0,0,0,0,1,1,1,1,1,1,1,1,1,1,3,3,3,3,3,3,3,3,3,4,4,6,7,9,10,12,13,13,13,13,15,15,15,15,15
Menard,"2,406",0,0,0,0,0,0,0,0,0,0,0,0,0,0,0,0,0,0,0,0,0,0,0,0,0,0,0,0,0,0,0,0,0,0,0,0,0,0,0,0,0,0,0,0,0
Midland,"159,256",0,0,0,0,0,0,0,0,0,0,0,0,0,0,1,1,1,1,3,4,6,8,11,13,13,16,16,19,22,24,24,27,30,30,31,31,32,32,32,35,37,41,42,42,43
Milam,"26,786",0,0,0,0,0,0,0,0,0,0,0,0,0,0,0,0,0,0,2,2,2,2,2,2,2,2,2,2,2,3,3,3,7,7,7,7,7,8,8,8,8,9,9,11,12
Mills,"5,240",0,0,0,0,0,0,0,0,0,0,0,0,0,0,0,0,0,0,0,0,0,0,0,0,0,0,0,0,0,0,0,0,0,0,0,0,0,0,0,0,0,0,0,0,0
Mitchell,"10,050",0,0,0,0,0,0,0,0,0,0,0,0,0,0,0,0,0,0,0,0,0,0,0,0,0,0,0,0,0,0,0,1,1,1,1,1,1,1,1,1,1,1,1,1,1
Montague,"21,462",0,0,0,0,0,0,0,0,0,0,0,0,0,0,0,0,0,0,0,0,1,1,1,1,1,1,1,1,1,1,1,1,1,1,1,2,2,2,5,5,5,5,5,5,5
Montgomery,"660,481",0,0,0,0,0,0,1,1,3,3,3,3,3,4,4,4,4,19,23,31,41,47,64,66,81,93,110,110,130,142,149,161,197,210,231,245,251,251,266,308,331,350,370,377,377
Moore,"25,817",0,0,0,0,0,0,0,0,0,0,0,0,0,0,0,0,0,0,0,0,0,0,0,1,1,1,6,6,6,6,6,7,9,15,21,21,22,22,36,52,59,75,99,106,121
Morris,"13,917",0,0,0,0,0,0,0,0,0,0,0,0,0,0,0,0,0,1,1,1,1,1,1,1,1,1,1,1,1,1,1,1,1,2,3,3,3,3,3,3,3,4,4,5,5
Motley,"1,196",0,0,0,0,0,0,0,0,0,0,0,0,0,0,0,0,0,0,0,0,0,0,0,0,0,0,0,0,0,0,0,0,0,0,0,0,0,1,1,1,1,1,1,1,1
Nacogdoches,"73,458",0,0,0,0,0,0,0,0,0,0,0,0,0,0,0,0,0,0,0,1,1,1,2,2,2,4,5,12,15,16,18,21,25,25,29,30,47,48,56,64,69,75,88,89,91
Navarro,"55,437",0,0,0,0,0,0,0,0,0,0,0,0,0,0,0,0,0,0,0,0,1,1,1,3,3,4,4,5,5,4,4,4,4,10,11,12,12,12,16,16,18,20,20,20,20
Newton,"14,314",0,0,0,0,0,0,0,0,0,0,0,0,0,0,0,0,0,0,0,0,0,0,0,0,0,1,1,1,1,1,1,1,1,1,1,2,2,2,2,2,2,2,2,2,2
Nolan,"16,176",0,0,0,0,0,0,0,0,0,0,0,0,0,0,0,0,0,0,0,0,0,0,0,0,0,0,0,0,0,0,0,0,0,0,0,0,0,0,0,0,0,0,0,0,0
Nueces,"376,623",0,0,0,0,0,0,0,0,0,0,0,0,0,0,0,1,1,1,10,14,18,20,21,22,31,34,40,41,47,50,53,59,65,69,72,72,76,76,79,83,83,87,89,90,90
Ochiltree,"12,755",0,0,0,0,0,0,0,0,0,0,0,0,0,0,0,0,0,0,0,0,0,0,0,0,0,0,0,0,0,0,0,0,0,0,0,0,0,0,0,0,0,0,0,0,0
Oldham,"2,233",0,0,0,0,0,0,0,0,0,0,0,0,0,0,1,1,1,1,1,1,1,1,2,2,2,2,2,2,2,2,2,3,3,3,3,3,3,3,3,3,3,3,3,3,3
Orange,"88,026",0,0,0,0,0,0,0,0,0,0,0,0,0,0,0,0,0,0,1,1,1,1,1,5,5,7,7,7,12,22,22,26,29,30,30,33,44,44,45,46,47,48,48,49,49
Palo Pinto,"31,708",0,0,0,0,0,0,0,0,0,0,0,0,0,0,0,0,0,0,0,0,0,0,0,0,0,0,1,1,1,1,1,2,3,4,4,4,4,4,5,5,6,6,6,6,7
Panola,"25,965",0,0,0,0,0,0,0,0,0,0,0,0,0,0,0,0,0,0,0,0,0,0,0,0,0,0,3,4,4,4,4,4,4,7,10,10,10,13,20,22,32,35,37,37,38
Parker,"159,119",0,0,0,0,0,0,0,0,0,0,0,0,0,0,0,0,1,1,1,2,2,4,4,4,4,4,4,5,6,6,6,6,6,9,11,13,13,14,15,16,17,20,21,21,21
Parmer,"12,385",0,0,0,0,0,0,0,0,0,0,0,0,0,0,0,0,0,0,0,0,0,0,0,0,0,0,0,0,0,0,0,0,0,0,0,0,0,0,0,0,0,0,0,1,1
Pecos,"17,026",0,0,0,0,0,0,0,0,0,0,0,0,0,0,0,0,0,0,0,0,0,0,0,0,0,0,0,0,0,0,1,1,1,1,1,1,1,1,1,5,5,5,5,5,5
Polk,"51,908",0,0,0,0,0,0,0,0,0,0,0,0,0,0,0,0,0,0,0,0,0,0,1,1,4,4,4,7,7,7,8,8,8,8,8,9,9,9,11,11,14,14,14,14,14
Potter,"134,475",0,0,0,0,0,0,0,0,0,0,0,0,0,0,2,2,2,2,2,2,2,2,4,5,5,10,16,21,24,40,40,41,47,58,59,66,70,70,79,79,92,101,110,130,142
Presidio,"8,683",0,0,0,0,0,0,0,0,0,0,0,0,0,0,0,0,0,0,0,0,0,0,0,0,0,0,0,0,0,0,0,0,0,0,0,0,0,0,0,0,0,0,0,0,0
Rains,"13,134",0,0,0,0,0,0,0,0,0,0,0,0,0,0,0,0,0,0,0,0,0,0,0,0,0,0,0,0,0,0,0,0,0,0,1,1,1,1,1,2,2,2,2,2,2
Randall,"142,109",0,0,0,0,0,0,0,0,0,0,0,0,0,0,0,0,0,0,0,0,0,3,3,6,6,6,17,21,24,34,36,36,40,52,56,60,64,64,73,73,80,93,97,103,112
Reagan,"3,908",0,0,0,0,0,0,0,0,0,0,0,0,0,0,0,0,0,0,0,0,0,0,0,0,0,0,0,0,0,0,0,0,0,0,0,0,0,0,0,0,0,0,0,0,0
Real,"3,439",0,0,0,0,0,0,0,0,0,0,0,0,0,0,0,0,0,0,0,0,0,0,0,0,0,0,0,0,0,0,0,0,0,0,0,0,0,0,0,0,0,0,0,0,0
Red River,"13,468",0,0,0,0,0,0,0,0,0,0,0,0,0,0,0,0,0,0,0,0,0,0,0,0,0,0,0,0,0,0,0,0,0,0,0,0,0,0,0,0,1,1,1,1,1
Reeves,"14,934",0,0,0,0,0,0,0,0,0,0,0,0,0,0,0,0,0,0,0,0,0,0,0,0,0,0,0,0,0,0,0,0,0,0,0,0,0,0,0,0,0,0,0,0,0
Refugio,"7,514",0,0,0,0,0,0,0,0,0,0,0,0,0,0,0,0,0,0,0,0,0,0,0,0,0,0,0,0,0,0,0,0,0,0,0,0,0,0,0,0,0,0,0,0,0
Roberts,994,0,0,0,0,0,0,0,0,0,0,0,0,0,0,0,0,0,0,0,0,0,0,0,0,0,0,0,0,0,0,0,0,0,0,0,0,0,0,0,0,1,1,2,2,2
Robertson,"19,553",0,0,0,0,0,0,0,0,0,0,0,0,0,0,0,0,0,1,1,1,1,2,2,2,2,2,2,2,2,2,2,2,2,2,2,2,2,2,2,2,2,2,2,2,2
Rockwall,"115,985",0,0,0,0,0,0,0,0,0,0,0,0,0,0,0,0,0,0,0,2,3,3,4,4,5,9,10,10,11,10,10,11,14,14,16,20,20,22,24,30,30,32,34,34,36
Runnels,"11,010",0,0,0,0,0,0,0,0,0,0,0,0,0,0,0,0,0,0,0,0,0,0,0,0,0,0,0,0,0,0,0,0,0,0,0,0,0,0,0,0,0,0,0,0,0
Rusk,"63,351",0,0,0,0,0,0,0,0,0,0,0,1,1,1,1,1,1,1,1,2,2,2,3,3,3,5,6,7,11,12,11,12,14,14,14,14,16,15,16,17,24,25,27,27,27
Sabine,"12,186",0,0,0,0,0,0,0,0,0,0,0,0,0,0,0,0,0,0,0,0,0,0,0,0,0,0,0,0,0,0,0,0,0,0,0,0,0,0,0,0,1,1,1,1,1
San Augustine,"9,340",0,0,0,0,0,0,0,0,0,0,0,0,0,0,0,0,0,0,0,0,0,0,0,0,0,1,1,4,4,4,4,4,4,7,9,9,9,9,9,9,11,14,14,14,14
San Jacinto,"32,428",0,0,0,0,0,0,0,0,0,0,0,0,0,0,0,0,0,0,0,0,0,0,1,1,1,1,1,1,1,1,1,1,3,3,3,5,5,7,8,7,10,10,8,8,8
San Patricio,"68,331",0,0,0,0,0,0,0,0,0,0,0,0,0,0,0,0,0,0,0,1,1,1,1,1,1,2,2,3,4,5,2,2,7,7,7,7,7,7,9,8,8,8,8,8,8
San Saba,"6,482",0,0,0,0,0,0,0,0,0,0,0,0,0,0,0,0,0,0,0,0,0,0,0,0,0,0,0,0,0,0,0,0,0,0,0,0,0,0,0,0,0,0,0,0,0
Schleicher,"3,920",0,0,0,0,0,0,0,0,0,0,0,0,0,0,0,0,0,0,0,0,0,0,0,0,0,0,0,0,0,0,0,0,0,0,0,0,0,0,0,0,0,0,0,0,0
Scurry,"18,906",0,0,0,0,0,0,0,0,0,0,0,0,0,0,0,0,0,0,0,0,0,0,0,0,0,0,0,0,0,0,0,0,0,0,0,0,0,0,0,0,1,1,1,1,2
Shackelford,"3,734",0,0,0,0,0,0,0,0,0,0,0,0,0,0,0,0,0,0,0,0,0,0,0,0,0,0,0,0,0,0,0,0,0,0,0,0,0,0,0,0,0,0,0,0,0
Shelby,"28,649",0,0,0,0,0,0,0,0,0,0,0,0,0,0,0,0,0,0,0,0,1,1,1,2,2,2,4,10,11,11,11,13,17,23,31,34,34,36,40,46,51,53,60,60,60
Sherman,"3,440",0,0,0,0,0,0,0,0,0,0,0,0,0,0,0,0,0,0,0,0,0,0,0,0,0,0,0,0,0,0,0,0,0,0,0,0,0,0,0,0,4,6,7,7,7
Smith,"243,064",0,0,0,0,0,0,0,0,3,3,3,5,5,5,5,5,5,14,14,16,21,27,30,32,32,37,47,53,57,57,57,63,75,82,88,93,93,96,101,103,108,108,116,121,121
Somervell,"10,480",0,0,0,0,0,0,0,0,0,0,0,0,0,0,0,0,0,0,0,0,0,0,0,0,0,0,0,0,0,0,0,0,0,0,0,0,0,0,0,0,0,0,0,0,0
Starr,"68,878",0,0,0,0,0,0,0,0,0,0,0,0,0,0,0,0,0,0,0,0,2,2,2,2,2,4,5,5,5,6,7,7,7,7,7,7,7,7,7,7,7,7,7,7,7
Stephens,"10,297",0,0,0,0,0,0,0,0,0,0,0,0,0,0,0,0,0,0,0,0,0,0,0,0,0,0,0,0,0,0,0,0,0,0,1,1,1,1,1,1,1,1,1,1,1
Sterling,"1,214",0,0,0,0,0,0,0,0,0,0,0,0,0,0,0,0,0,0,0,0,0,0,0,0,0,0,0,0,0,0,0,0,0,0,0,0,0,0,0,0,0,0,0,0,0
Stonewall,"1,515",0,0,0,0,0,0,0,0,0,0,0,0,0,0,0,0,0,0,0,0,0,0,0,0,0,0,0,0,0,0,0,0,0,0,0,0,0,0,0,0,0,0,0,0,0
Sutton,"4,651",0,0,0,0,0,0,0,0,0,0,0,0,0,0,0,0,0,0,0,0,0,0,0,0,0,0,0,0,0,0,0,0,0,0,0,0,0,0,0,0,0,0,0,0,0
Swisher,"8,230",0,0,0,0,0,0,0,0,0,0,0,0,0,0,0,0,0,0,0,0,0,0,1,1,1,1,1,1,1,1,1,1,2,2,3,3,4,4,4,4,4,4,4,4,5
Tarrant,"2,127,850",0,0,0,0,0,1,1,1,3,3,3,5,5,5,8,8,9,57,71,90,100,114,139,139,175,273,288,325,383,404,418,452,517,588,637,705,787,806,876,929,990,1093,1175,1229,1242
Taylor,"138,279",0,0,0,0,0,0,0,0,0,0,0,0,0,0,0,0,0,0,0,0,1,2,7,7,11,14,14,18,23,27,31,31,38,43,51,55,59,61,68,74,79,89,126,142,144
Terrell,"1,047",0,0,0,0,0,0,0,0,0,0,0,0,0,0,0,0,0,0,0,0,0,0,0,0,0,0,0,0,0,0,0,0,0,0,0,0,0,0,0,0,0,0,0,0,0
Terry,"13,323",0,0,0,0,0,0,0,0,0,0,0,0,0,0,0,0,0,0,1,1,1,1,3,3,4,4,4,4,4,4,4,4,6,6,6,6,6,10,10,10,10,10,10,10,10
Throckmorton,"1,639",0,0,0,0,0,0,0,0,0,0,0,0,0,0,0,0,0,0,0,0,0,0,0,0,0,0,0,0,0,0,0,0,0,0,0,0,0,0,0,0,0,0,0,0,0
Titus,"37,790",0,0,0,0,0,0,0,0,0,0,0,0,0,0,0,0,0,0,0,0,0,0,0,0,0,0,0,1,1,1,1,2,2,4,6,6,6,6,7,8,8,8,8,9,9
Tom Green,"114,995",0,0,0,0,0,0,0,0,0,0,0,0,0,0,0,0,0,1,1,2,2,3,3,5,6,9,9,10,17,20,21,24,25,25,32,33,35,35,39,39,40,41,41,41,41
Travis,"1,277,007",0,0,0,0,0,0,0,0,2,2,3,4,7,21,22,22,22,79,98,119,137,160,179,200,206,244,305,351,430,460,484,502,554,597,642,690,744,774,856,900,977,1029,1074,1092,1108
Trinity,"16,618",0,0,0,0,0,0,0,0,0,0,0,0,0,0,0,0,0,0,0,0,0,0,0,0,0,0,0,0,2,2,2,2,2,3,3,3,3,3,4,4,7,7,7,7,7
Tyler,"22,646",0,0,0,0,0,0,0,0,0,0,0,0,0,0,0,0,0,0,0,0,0,0,0,0,0,0,0,0,1,1,1,1,1,1,1,2,2,2,2,3,4,4,5,5,6
Upshur,"45,120",0,0,0,0,0,0,0,0,0,0,0,0,0,0,0,0,0,1,1,1,1,1,1,2,2,2,3,3,3,3,3,5,6,6,6,6,8,8,9,9,9,9,9,9,9
Upton,"3,886",0,0,0,0,0,0,0,0,0,0,0,0,0,0,0,0,0,0,0,0,0,0,0,0,0,0,0,0,0,0,0,0,0,0,0,0,0,0,0,0,0,0,0,0,0
Uvalde,"28,593",0,0,0,0,0,0,0,0,0,0,0,0,0,0,0,0,0,0,0,0,1,1,2,2,2,4,4,4,4,4,5,5,5,6,7,6,6,6,6,6,6,6,6,6,6
Val Verde,"53,256",0,0,0,0,0,0,0,0,0,0,0,0,0,0,0,0,0,0,0,1,2,4,5,5,5,5,5,5,5,5,5,6,6,6,6,10,10,10,12,12,12,12,12,12,12
Van Zandt,"58,259",0,0,0,0,0,0,0,0,0,0,0,0,0,0,0,0,0,1,1,1,1,1,1,2,2,2,3,3,4,4,4,5,7,7,10,10,10,10,10,10,11,11,12,12,12
Victoria,"92,845",0,0,0,0,0,0,0,0,0,0,0,0,0,0,0,0,0,0,0,3,3,3,3,6,9,16,20,27,32,32,35,50,59,66,73,76,77,81,87,89,89,89,89,93,93
Walker,"72,778",0,0,0,0,0,0,0,0,0,0,0,0,0,0,0,0,0,0,1,3,3,3,3,3,3,5,7,5,10,10,10,10,10,11,13,17,17,21,38,38,58,67,68,77,73
Waller,"58,002",0,0,0,0,0,0,0,0,0,0,0,0,0,0,0,0,0,0,0,0,0,0,3,3,3,3,5,7,8,8,9,11,11,12,13,14,15,16,18,20,22,23,22,24,24
Ward,"11,213",0,0,0,0,0,0,0,0,0,0,0,0,0,0,0,0,0,0,0,0,0,0,0,0,0,0,0,0,0,0,0,0,0,0,0,0,0,0,0,0,0,0,0,0,0
Washington,"37,673",0,0,0,0,0,0,0,0,0,0,0,0,0,0,0,0,0,0,0,0,0,5,5,8,8,17,17,17,17,17,17,21,23,28,34,36,37,37,37,41,46,47,50,52,61
Webb,"317,733",0,0,0,0,0,0,0,0,0,0,1,1,1,1,3,4,4,5,8,10,13,19,25,32,37,45,57,65,83,98,106,122,135,155,166,171,191,196,206,223,239,245,253,267,280
Wharton,"43,271",0,0,0,0,0,0,0,0,0,0,0,0,0,0,0,0,0,0,3,3,3,3,6,6,6,7,9,9,9,9,12,17,17,18,20,23,26,27,28,31,32,32,34,34,34
Wheeler,"5,934",0,0,0,0,0,0,0,0,0,0,0,0,0,0,0,0,0,0,0,0,0,0,0,0,0,0,0,0,0,0,0,0,0,0,0,0,0,0,0,0,0,0,0,0,0
Wichita,"133,363",0,0,0,0,0,0,0,0,0,0,0,0,0,1,3,3,4,5,5,8,12,15,26,28,30,38,38,44,46,46,47,48,48,50,53,54,56,56,56,56,57,57,58,59,60
Wilbarger,"14,897",0,0,0,0,0,0,0,0,0,0,0,0,0,0,0,0,0,0,0,0,0,0,0,0,0,0,0,0,0,0,0,0,0,0,0,0,0,0,1,1,1,1,1,1,1
Willacy,"26,817",0,0,0,0,0,0,0,0,0,0,0,0,0,0,0,0,0,0,0,0,1,1,2,2,2,2,3,5,5,5,5,5,7,5,5,5,5,5,5,6,7,7,8,8,8
Williamson,"633,783",0,0,0,0,0,0,0,0,0,0,0,0,2,8,8,9,13,14,19,22,27,34,37,37,42,50,55,63,71,76,77,81,87,97,103,110,113,117,119,124,128,140,146,151,155
Wilson,"57,292",0,0,0,0,0,0,0,0,0,0,0,0,0,0,0,0,0,0,1,1,1,2,2,2,3,5,5,6,6,6,6,7,8,9,10,10,11,11,11,12,13,19,19,21,21
Winkler,"8,371",0,0,0,0,0,0,0,0,0,0,0,0,0,0,0,0,0,0,0,0,0,0,0,0,0,0,0,0,0,0,0,0,0,0,1,1,1,1,1,2,2,3,3,3,3
Wise,"74,490",0,0,0,0,0,0,0,0,0,0,0,0,0,0,0,0,0,0,0,0,0,0,0,1,1,3,3,3,3,3,3,3,3,3,4,5,5,5,5,7,7,8,9,9,9
Wood,"48,594",0,0,0,0,0,0,0,0,0,0,0,0,0,0,0,0,0,0,0,0,0,0,0,0,0,1,1,1,1,2,3,4,4,4,5,5,5,5,6,6,6,6,6,6,6
Yoakum,"9,591",0,0,0,0,0,0,0,0,0,0,0,0,0,0,0,0,0,0,0,0,0,0,0,0,0,0,0,0,0,0,0,0,0,0,0,0,0,0,0,0,0,0,1,1,1
Young,"19,914",0,0,0,0,0,0,0,0,0,0,0,0,0,0,0,0,0,0,0,0,1,1,1,1,1,3,3,3,3,3,3,3,3,3,3,3,3,3,3,4,4,4,4,4,4
Zapata,"17,043",0,0,0,0,0,0,0,0,0,0,0,0,0,0,0,0,0,0,0,0,0,0,0,0,0,0,0,0,0,0,0,1,1,3,3,3,3,3,3,4,4,6,6,6,6
Zavala,"12,895",0,0,0,0,0,0,0,0,0,0,0,0,0,0,0,0,0,0,0,0,0,0,0,0,0,0,0,0,0,0,0,0,0,0,0,0,0,0,0,0,0,1,1,1,1
Total,"30,541,978",0,0,5,12,15,18,22,22,56,56,63,82,108,175,235,263,287,712,975,"1,394","1,731","2,048","2,552","2,874","3,266","3,996","4,665","5,324","6,112","6,793","7,273","8,261","9,353","10,230","11,671","12,561","13,484","13,906","14,624","15,492","16,455","17,371","18,260","18,923","19,458"
,,,,,,,,,,,,,,,,,,,,,,,,,,,,,,,,,,,,,,,,,,,,,,
"Num. of Counties 
 (case value > 0)",,0,0,2,3,4,6,7,7,17,17,20,23,27,34,41,43,46,65,82,92,104,110,118,122,122,135,143,145,151,152,156,161,167,170,176,177,177,178,181,184,191,192,194,197,198